Category_Name,Depth,Level1,Level2,승용,승합,화물,특수,총계
강남구,2,서울,강남구,228896,4196,15547,563,249202
강동구,2,서울,강동구,150363,3529,14459,485,168836
강북구,2,서울,강북구,61393,2593,7733,264,71983
강서구,2,서울,강서구,176663,5067,19730,757,202217
관악구,2,서울,관악구,101301,2894,10752,382,115329
광진구,2,서울,광진구,82845,2134,10402,239,95620
구로구,2,서울,구로구,118961,3835,15834,470,139100
금천구,2,서울,금천구,74038,2623,12335,299,89295
노원구,2,서울,노원구,133220,3502,11423,541,148686
도봉구,2,서울,도봉구,79973,2604,9827,372,92776
동대문구,2,서울,동대문구,93067,2381,11657,319,107424
동작구,2,서울,동작구,95142,2063,7280,355,104840
마포구,2,서울,마포구,104864,2742,11841,824,120271
서대문구,2,서울,서대문구,80812,2225,7307,270,90614
서초구,2,서울,서초구,160476,3483,14405,484,178848
성동구,2,서울,성동구,91736,2563,10023,376,104698
성북구,2,서울,성북구,108170,3482,9805,327,121784
송파구,2,서울,송파구,216173,5163,20852,810,242998
양천구,2,서울,양천구,129983,3421,13156,696,147256
영등포구,2,서울,영등포구,120499,3357,16752,1155,141763
용산구,2,서울,용산구,63894,1624,5587,186,71291
은평구,2,서울,은평구,117048,3279,11512,402,132241
종로구,2,서울,종로구,40828,3003,5601,296,49728
중구,2,서울,중구,39831,2672,5645,285,48433
중랑구,2,서울,중랑구,97318,3133,13775,593,114819
서울,1,서울,,2767494,77568,293240,11750,3150052
강진군,2,전남광주,강진군,13052,586,7466,141,21245
고흥군,2,전남광주,고흥군,22220,1126,13278,194,36818
곡성군,2,전남광주,곡성군,12029,486,5732,140,18387
광산구,2,전남광주,광산구,179529,4383,34272,1782,219966
광양시,2,전남광주,광양시,81943,2328,18381,2291,104943
구례군,2,전남광주,구례군,10236,458,4217,98,15009
나주시,2,전남광주,나주시,55770,2203,17443,677,76093
남구,2,전남광주,남구,84881,2189,9420,433,96923
담양군,2,전남광주,담양군,21054,992,9001,317,31364
동구,2,전남광주,동구,43076,999,4534,227,48836
목포시,2,전남광주,목포시,83081,2843,14812,711,101447
무안군,2,전남광주,무안군,44568,1665,13227,385,59845
보성군,2,전남광주,보성군,15644,828,8644,171,25287
북구,2,전남광주,북구,179610,4526,26013,1164,211313
서구,2,전남광주,서구,131616,3180,16506,661,151963
순천시,2,전남광주,순천시,129028,3438,24942,1476,158884
신안군,2,전남광주,신안군,136468,2951,10461,187,150067
여수시,2,전남광주,여수시,116284,3718,25045,1301,146348
영광군,2,전남광주,영광군,23811,857,9084,199,33951
영암군,2,전남광주,영암군,25419,1258,12375,370,39422
완도군,2,전남광주,완도군,16922,820,10029,143,27914
장성군,2,전남광주,장성군,20903,798,9349,240,31290
장흥군,2,전남광주,장흥군,14167,634,7526,120,22447
진도군,2,전남광주,진도군,11913,593,6692,109,19307
함평군,2,전남광주,함평군,18754,645,6984,134,26517
해남군,2,전남광주,해남군,139582,2394,16254,191,158421
화순군,2,전남광주,화순군,27098,1676,8677,309,37760
전남광주,1,전남광주,,1658658,48574,350364,14171,2071767
강서구,2,부산,강서구,77599,2005,19239,1140,99983
금정구,2,부산,금정구,67030,2811,12194,812,82847
기장군,2,부산,기장군,77781,2431,12259,557,93028
남구,2,부산,남구,130840,2550,13399,1832,148621
동구,2,부산,동구,45388,968,5747,1132,53235
동래구,2,부산,동래구,89645,2069,11190,507,103411
부산진구,2,부산,부산진구,118392,2908,15204,795,137299
북구,2,부산,북구,87770,2227,12971,471,103439
사상구,2,부산,사상구,68042,2108,16094,571,86815
사하구,2,부산,사하구,94377,2685,14448,509,112019
서구,2,부산,서구,26763,822,4434,151,32170
수영구,2,부산,수영구,115189,1919,6441,485,124034
연제구,2,부산,연제구,152602,2887,11255,946,167690
영도구,2,부산,영도구,27468,1214,4339,117,33138
중구,2,부산,중구,35764,509,7138,1830,45241
해운대구,2,부산,해운대구,145801,2826,14504,821,163952
부산,1,부산,,1360451,32939,180856,12676,1586922
군위군,2,대구,군위군,10434,412,5520,90,16456
남구,2,대구,남구,52080,1500,6728,204,60512
달서구,2,대구,달서구,265902,5010,33871,1291,306074
달성군,2,대구,달성군,118862,3151,22357,805,145175
동구,2,대구,동구,147375,3725,22937,1049,175086
북구,2,대구,북구,172284,4029,31925,1086,209324
서구,2,대구,서구,64564,1707,12270,305,78846
수성구,2,대구,수성구,197728,3521,16512,712,218473
중구,2,대구,중구,50742,1333,4815,153,57043
대구,1,대구,,1079971,24388,156935,5695,1266989
강화군,2,인천,강화군,30245,1328,11816,403,43792
검단구,2,인천,검단구,108503,2480,13682,488,125153
계양구,2,인천,계양구,175857,4109,18726,695,199387
남동구,2,인천,남동구,245749,5507,30696,1131,283083
동구,2,인천,동구,1223,198,1119,121,2661
미추홀구,2,인천,미추홀구,155423,3715,22106,1335,182579
부평구,2,인천,부평구,208731,4723,21993,762,236209
서구,2,인천,서구,4397,511,3050,58,8016
서해구,2,인천,서해구,176909,4191,23835,1137,206072
연수구,2,인천,연수구,219201,3352,16199,1003,239755
영종구,2,인천,영종구,61900,1452,5007,221,68580
옹진군,2,인천,옹진군,87110,1795,16606,165,105676
제물포구,2,인천,제물포구,38204,1907,13719,2026,55856
중구,2,인천,중구,2864,263,1642,105,4874
인천,1,인천,,1516316,35531,200196,9650,1761693
대덕구,2,대전,대덕구,73791,2359,17241,822,94213
동구,2,대전,동구,82331,2560,14256,556,99703
서구,2,대전,서구,218571,4404,20744,1057,244776
유성구,2,대전,유성구,185124,3225,18218,1018,207585
중구,2,대전,중구,87056,2594,13861,586,104097
대전,1,대전,,646873,15142,84320,4039,750374
남구,2,울산,남구,144723,3216,19387,1014,168340
동구,2,울산,동구,59576,1250,5026,226,66078
북구,2,울산,북구,113046,2201,13006,687,128940
울주군,2,울산,울주군,113491,3174,25590,1561,143816
중구,2,울산,중구,92513,2073,10765,560,105911
울산,1,울산,,523349,11914,73774,4048,613085
세종특별자치시,2,세종,세종특별자치시,184103,3651,16943,1067,205764
세종,1,세종,,184103,3651,16943,1067,205764
가평군,2,경기,가평군,26365,1203,7001,222,34791
고양시 덕양구,2,경기,고양시 덕양구,175549,4093,21389,721,201752
고양시 일산동구,2,경기,고양시 일산동구,121284,2799,15190,578,139851
고양시 일산서구,2,경기,고양시 일산서구,106074,2433,10394,383,119284
과천시,2,경기,과천시,30529,611,2696,124,33960
광명시,2,경기,광명시,101932,2563,12491,469,117455
광주시,2,경기,광주시,177578,6602,35817,1167,221164
구리시,2,경기,구리시,64105,1687,9803,363,75958
군포시,2,경기,군포시,86822,1996,12385,454,101657
김포시,2,경기,김포시,206656,6065,35307,1432,249460
남양주시,2,경기,남양주시,274314,7325,48755,1677,332071
동두천시,2,경기,동두천시,32920,1199,6042,187,40348
부천시,2,경기,부천시,104,48,134,1,287
부천시 소사구,2,경기,부천시 소사구,73964,1945,9187,364,85460
부천시 오정구,2,경기,부천시 오정구,52761,2029,11102,357,66249
부천시 원미구,2,경기,부천시 원미구,130299,3791,18513,604,153207
성남시 분당구,2,경기,성남시 분당구,183467,3577,9312,511,196867
성남시 수정구,2,경기,성남시 수정구,75808,2128,8937,336,87209
성남시 중원구,2,경기,성남시 중원구,63907,2122,9950,351,76330
수원시 권선구,2,경기,수원시 권선구,197963,6064,23071,1196,228294
수원시 영통구,2,경기,수원시 영통구,148231,2057,7951,388,158627
수원시 장안구,2,경기,수원시 장안구,99638,2581,10200,405,112824
수원시 팔달구,2,경기,수원시 팔달구,88668,2203,8249,279,99399
시흥시,2,경기,시흥시,232001,6152,43152,1305,282610
안산시 단원구,2,경기,안산시 단원구,158042,5575,27013,802,191432
안산시 상록구,2,경기,안산시 상록구,123983,4040,20506,826,149355
안성시,2,경기,안성시,100217,3438,22993,1303,127951
안양시 동안구,2,경기,안양시 동안구,122814,2411,13284,585,139094
안양시 만안구,2,경기,안양시 만안구,78730,2843,10543,346,92462
양주시,2,경기,양주시,124754,4060,23414,826,153054
양평군,2,경기,양평군,55563,2089,13245,404,71301
여주시,2,경기,여주시,54986,2570,20547,722,78825
연천군,2,경기,연천군,21551,1014,10823,647,34035
오산시,2,경기,오산시,117802,3115,13593,554,135064
용인시 기흥구,2,경기,용인시 기흥구,191194,3853,14956,922,210925
용인시 수지구,2,경기,용인시 수지구,144344,1621,5999,265,152229
용인시 처인구,2,경기,용인시 처인구,134362,5253,26768,1303,167686
의왕시,2,경기,의왕시,65304,1368,7729,481,74882
의정부시,2,경기,의정부시,156551,4546,20885,861,182843
이천시,2,경기,이천시,108012,3981,23431,1112,136536
파주시,2,경기,파주시,229425,7419,38165,1073,276082
평택시,2,경기,평택시,312656,9319,44811,2106,368892
포천시,2,경기,포천시,72011,3256,23359,784,99410
하남시,2,경기,하남시,125234,2590,17297,517,145638
화성시,2,경기,화성시,1987,330,1584,27,3928
화성시 동탄구,2,경기,화성시 동탄구,191356,2394,10038,611,204399
화성시 만세구,2,경기,화성시 만세구,136088,4464,38710,1073,180335
화성시 병점구,2,경기,화성시 병점구,75841,2651,8302,335,87129
화성시 효행구,2,경기,화성시 효행구,78659,2247,15597,514,97017
경기,1,경기,,5732405,159720,850620,32873,6775618
괴산군,2,충북,괴산군,16911,813,8357,160,26241
단양군,2,충북,단양군,11401,544,5362,332,17639
보은군,2,충북,보은군,13671,706,7238,150,21765
영동군,2,충북,영동군,18365,779,8585,161,27890
옥천군,2,충북,옥천군,22620,915,8854,258,32647
음성군,2,충북,음성군,53250,2238,15719,435,71642
제천시,2,충북,제천시,56842,1809,15448,1235,75334
증평군,2,충북,증평군,17991,551,3819,134,22495
진천군,2,충북,진천군,46670,1456,10506,339,58971
청원군,2,충북,청원군,9,2,8,0,19
청주시 상당구,2,충북,청주시 상당구,89064,2323,13138,697,105222
청주시 서원구,2,충북,청주시 서원구,86018,2758,12646,589,102011
청주시 청원구,2,충북,청주시 청원구,94575,2810,16706,656,114747
청주시 흥덕구,2,충북,청주시 흥덕구,142146,3501,18465,999,165111
충주시,2,충북,충주시,98455,3105,21786,819,124165
충북,1,충북,,767988,24310,166637,6964,965899
계룡시,2,충남,계룡시,23855,649,2731,145,27380
공주시,2,충남,공주시,44602,1906,13743,408,60659
금산군,2,충남,금산군,25262,1173,9304,237,35976
논산시,2,충남,논산시,47522,2298,16426,388,66634
당진시,2,충남,당진시,90470,2650,22107,1338,116565
보령시,2,충남,보령시,41310,1510,13469,365,56654
부여군,2,충남,부여군,23762,1368,11832,203,37165
서산시,2,충남,서산시,83822,2815,21118,911,108666
서천군,2,충남,서천군,20081,784,8265,205,29335
아산시,2,충남,아산시,185684,4782,28414,1182,220062
예산군,2,충남,예산군,36544,1698,12481,364,51087
천안시 동남구,2,충남,천안시 동남구,125198,4112,22514,1083,152907
천안시 서북구,2,충남,천안시 서북구,189621,4924,23703,1040,219288
청양군,2,충남,청양군,12507,536,6767,172,19982
태안군,2,충남,태안군,25283,1069,11347,215,37914
홍성군,2,충남,홍성군,46649,1594,13350,406,61999
충남,1,충남,,1022172,33868,237571,8662,1302273
경산시,2,경북,경산시,122063,3270,25050,881,151264
경주시,2,경북,경주시,124429,4035,28114,996,157574
고령군,2,경북,고령군,14838,689,7388,162,23077
구미시,2,경북,구미시,200247,5415,29487,1242,236391
군위군,2,경북,군위군,17,4,15,0,36
김천시,2,경북,김천시,60537,2175,19239,465,82416
문경시,2,경북,문경시,27957,1286,10799,272,40314
봉화군,2,경북,봉화군,11545,481,7387,93,19506
상주시,2,경북,상주시,38235,1850,18565,418,59068
성주군,2,경북,성주군,20812,833,12536,315,34496
안동시,2,경북,안동시,67989,2502,21124,668,92283
영덕군,2,경북,영덕군,13627,679,6356,137,20799
영양군,2,경북,영양군,6861,333,4233,58,11485
영주시,2,경북,영주시,42633,1672,15554,441,60300
영천시,2,경북,영천시,45349,1941,17735,657,65682
예천군,2,경북,예천군,23887,826,8991,199,33903
울릉군,2,경북,울릉군,4761,459,1482,40,6742
울진군,2,경북,울진군,22154,734,6956,203,30047
의성군,2,경북,의성군,20563,954,13494,236,35247
청도군,2,경북,청도군,18551,686,8740,302,28279
청송군,2,경북,청송군,11296,587,6498,98,18479
칠곡군,2,경북,칠곡군,56270,2059,14721,597,73647
포항시 남구,2,경북,포항시 남구,103402,3445,21689,2146,130682
포항시 북구,2,경북,포항시 북구,138070,3133,19424,814,161441
경북,1,경북,,1196093,40048,325577,11440,1573158
거제시,2,경남,거제시,98140,2989,12635,543,114307
거창군,2,경남,거창군,25669,1057,9683,290,36699
고성군,2,경남,고성군,20121,806,7703,231,28861
김해시,2,경남,김해시,256880,6315,46134,1518,310847
남해군,2,경남,남해군,15742,671,6599,118,23130
밀양시,2,경남,밀양시,45167,1540,16313,847,63867
사천시,2,경남,사천시,50893,1607,11207,348,64055
산청군,2,경남,산청군,14377,561,7891,316,23145
양산시,2,경남,양산시,161011,4570,29436,2175,197192
의령군,2,경남,의령군,10832,437,5215,207,16691
진주시,2,경남,진주시,148099,4154,29054,1019,182326
창녕군,2,경남,창녕군,25745,1095,10684,248,37772
창원시 마산합포구,2,경남,창원시 마산합포구,91526,2197,11307,350,105380
창원시 마산회원구,2,경남,창원시 마산회원구,102157,2081,12158,472,116868
창원시 성산구,2,경남,창원시 성산구,158740,2886,11486,472,173584
창원시 의창구,2,경남,창원시 의창구,191205,2552,18766,714,213237
창원시 진해구,2,경남,창원시 진해구,88260,1838,8865,647,99610
통영시,2,경남,통영시,44282,1789,9088,282,55441
하동군,2,경남,하동군,16619,609,8121,207,25556
함안군,2,경남,함안군,62323,1182,10796,428,74729
함양군,2,경남,함양군,39502,688,7245,138,47573
합천군,2,경남,합천군,16401,659,8799,176,26035
경남,1,경남,,1683691,42283,299185,11746,2036905
서귀포시,2,제주,서귀포시,78894,2891,27783,449,110017
제주시,2,제주,제주시,542186,13253,65198,1800,622437
제주,1,제주,,621080,16144,92981,2249,732454
강릉시,2,강원,강릉시,97552,2882,19296,868,120598
고성군,2,강원,고성군,12633,477,4192,106,17408
동해시,2,강원,동해시,40754,1325,7514,389,49982
삼척시,2,강원,삼척시,27281,918,7053,223,35475
속초시,2,강원,속초시,35171,1194,5617,251,42233
양구군,2,강원,양구군,9265,354,3538,83,13240
양양군,2,강원,양양군,13006,430,4254,128,17818
영월군,2,강원,영월군,15405,698,6464,204,22771
원주시,2,강원,원주시,169175,4516,28883,1179,203753
인제군,2,강원,인제군,15084,515,5252,141,20992
정선군,2,강원,정선군,16205,669,6530,197,23601
철원군,2,강원,철원군,17707,700,7280,142,25829
춘천시,2,강원,춘천시,126364,3701,21288,1000,152353
태백시,2,강원,태백시,16483,719,3551,188,20941
평창군,2,강원,평창군,18289,822,8890,181,28182
홍천군,2,강원,홍천군,29165,1428,12312,277,43182
화천군,2,강원,화천군,10473,351,3456,94,14374
횡성군,2,강원,횡성군,20576,927,9102,213,30818
강원,1,강원,,690588,22626,164472,5864,883550
고창군,2,전북,고창군,21082,1361,11179,208,33830
군산시,2,전북,군산시,121406,3287,22715,1294,148702
김제시,2,전북,김제시,37179,1607,15235,458,54479
남원시,2,전북,남원시,30616,1318,13018,299,45251
무주군,2,전북,무주군,9819,526,4850,100,15295
부안군,2,전북,부안군,19691,907,9162,193,29953
순창군,2,전북,순창군,11756,444,5558,82,17840
완주군,2,전북,완주군,49556,1980,15116,529,67181
익산시,2,전북,익산시,119937,4090,27385,954,152366
임실군,2,전북,임실군,10298,505,5348,100,16251
장수군,2,전북,장수군,8719,368,4733,87,13907
전주시 덕진구,2,전북,전주시 덕진구,151735,4044,21447,1026,178252
전주시 완산구,2,전북,전주시 완산구,138057,3456,17211,669,159393
정읍시,2,전북,정읍시,43401,1751,15982,417,61551
진안군,2,전북,진안군,10602,532,5294,102,16530
전북,1,전북,,783854,26176,194233,6518,1010781
총계,0,,,22235086,614882,3687904,149412,26687284
