Category_Name,Depth,Level1,Level2,Level3,Level4,서울,전남광주,부산,대구,인천,대전,울산,세종,경기,강원,충북,충남,전북,경북,경남,제주,합계
총계,0,,,,,3150052,2071767,1586922,1266989,1761693,750374,613085,205764,6775618,883550,965899,1302273,1010781,1573158,2036905,732454,26687284
승용차합계,1,승용차합계,,,,2767494,1658658,1360451,1079971,1516316,646873,523349,184103,5732405,690588,767988,1022172,783854,1196093,1683691,621080,22235086
승용일반형 계,2,승용차합계,승용일반형 계,,,1689934,957756,805671,673255,847513,393806,305083,109284,3301251,387617,447787,592445,457320,731320,1003904,310654,13014600
승용일반형 국산 소계,3,승용차합계,승용일반형 계,승용일반형 국산 소계,,1217428,837685,609653,540286,655343,334500,272417,89479,2666954,338631,393547,522202,398530,651589,853869,280614,10662727
승용일반형 국산 800CC미만,4,승용차합계,승용일반형 계,승용일반형 국산 소계,승용일반형 국산 800CC미만,4272,2227,1866,2066,2243,1102,787,152,8374,1305,1371,1757,1345,3526,4362,826,37581
승용일반형 국산 1000CC미만,4,승용차합계,승용일반형 계,승용일반형 국산 소계,승용일반형 국산 1000CC미만,149112,122225,96266,82555,131381,56850,58399,15577,505656,84385,76151,101317,59786,127897,180941,52583,1901081
승용일반형 국산 1500CC미만,4,승용차합계,승용일반형 계,승용일반형 국산 소계,승용일반형 국산 1500CC미만,57804,26384,23432,20638,27736,12863,9387,3407,114083,14243,16041,21080,16657,25992,32260,8752,430759
승용일반형 국산 2000CC미만,4,승용차합계,승용일반형 계,승용일반형 국산 소계,승용일반형 국산 2000CC미만,594280,424625,304306,263731,310702,171527,124403,45158,1292679,156538,192486,250688,205451,303956,394214,123436,5158180
승용일반형 국산 2500CC미만,4,승용차합계,승용일반형 계,승용일반형 국산 소계,승용일반형 국산 2500CC미만,190111,121897,91973,78664,90245,45163,36300,13761,368371,39813,49652,67723,52459,80553,114741,46497,1487923
승용일반형 국산 3000CC미만,4,승용차합계,승용일반형 계,승용일반형 국산 소계,승용일반형 국산 3000CC미만,89619,62139,33931,38658,31232,21447,18846,5261,155211,17654,24330,34322,29825,48016,50909,6662,668062
승용일반형 국산 3500CC미만,4,승용차합계,승용일반형 계,승용일반형 국산 소계,승용일반형 국산 3500CC미만,87565,48875,36201,33530,36843,15569,15443,3658,137033,14464,18701,26761,19272,35991,46147,20162,596215
승용일반형 국산 4000CC미만,4,승용차합계,승용일반형 계,승용일반형 국산 소계,승용일반형 국산 4000CC미만,30499,16925,12820,13013,11493,5470,5681,1225,51576,5641,7401,11180,8335,15254,16722,4022,217257
승용일반형 국산 4500CC미만,4,승용차합계,승용일반형 계,승용일반형 국산 소계,승용일반형 국산 4500CC미만,185,49,38,35,42,40,19,4,217,29,30,30,23,47,51,16,855
승용일반형 국산 5000CC미만,4,승용차합계,승용일반형 계,승용일반형 국산 소계,승용일반형 국산 5000CC미만,606,284,243,263,190,105,119,20,955,129,140,228,154,361,396,52,4245
승용일반형 국산 5000CC이상,4,승용차합계,승용일반형 계,승용일반형 국산 소계,승용일반형 국산 5000CC이상,2473,1163,1172,1115,962,372,495,98,4433,494,590,952,652,1320,1534,221,18046
승용일반형 국산 저속전기,4,승용차합계,승용일반형 계,승용일반형 국산 소계,승용일반형 국산 저속전기,3,2,1,0,2,1,0,0,2,0,1,3,0,0,1,0,16
승용일반형 국산 전기,4,승용차합계,승용일반형 계,승용일반형 국산 소계,승용일반형 국산 전기,10899,10890,7404,6018,12272,3991,2538,1158,28364,3936,6653,6161,4571,8676,11591,17385,142507
승용일반형 외산 소계,3,승용차합계,승용일반형 계,승용일반형 외산 소계,,472506,120071,196018,132969,192170,59306,32666,19805,634297,48986,54240,70243,58790,79731,150035,30040,2351873
승용일반형 외산 800CC미만,4,승용차합계,승용일반형 계,승용일반형 외산 소계,승용일반형 외산 800CC미만,517,55,108,78,143,35,32,23,865,55,46,81,42,79,91,56,2306
승용일반형 외산 1000CC미만,4,승용차합계,승용일반형 계,승용일반형 외산 소계,승용일반형 외산 1000CC미만,515,53,71,83,111,46,41,11,602,61,44,38,27,59,70,31,1863
승용일반형 외산 1500CC미만,4,승용차합계,승용일반형 계,승용일반형 외산 소계,승용일반형 외산 1500CC미만,23950,8874,9556,8549,10956,4766,2768,1851,48566,5622,5097,6786,4523,7736,10884,2765,163249
승용일반형 외산 2000CC미만,4,승용차합계,승용일반형 계,승용일반형 외산 소계,승용일반형 외산 2000CC미만,257635,64154,104746,69448,105338,33305,18226,11145,342529,25966,29110,36449,31986,40170,78109,15537,1263853
승용일반형 외산 2500CC미만,4,승용차합계,승용일반형 계,승용일반형 외산 소계,승용일반형 외산 2500CC미만,58025,14880,18431,16987,15830,6855,3606,2588,78841,5459,5765,7781,6913,11142,13969,2143,269215
승용일반형 외산 3000CC미만,4,승용차합계,승용일반형 계,승용일반형 외산 소계,승용일반형 외산 3000CC미만,58654,16116,31662,19002,29955,6406,3633,1597,69077,4884,6439,8414,7577,9428,22996,3500,299340
승용일반형 외산 3500CC미만,4,승용차합계,승용일반형 계,승용일반형 외산 소계,승용일반형 외산 3500CC미만,23620,4066,6040,4461,3864,1970,1196,519,23618,1621,1779,2542,1940,3074,4232,758,85300
승용일반형 외산 4000CC미만,4,승용차합계,승용일반형 계,승용일반형 외산 소계,승용일반형 외산 4000CC미만,14187,3244,7151,4438,6560,1311,846,349,16336,1144,1460,2098,1632,2190,5882,943,69771
승용일반형 외산 4500CC미만,4,승용차합계,승용일반형 계,승용일반형 외산 소계,승용일반형 외산 4500CC미만,3098,880,1496,784,1424,322,187,75,3832,315,358,504,390,517,1118,177,15477
승용일반형 외산 5000CC미만,4,승용차합계,승용일반형 계,승용일반형 외산 소계,승용일반형 외산 5000CC미만,3740,889,949,782,768,315,199,53,4113,325,364,510,419,633,776,157,14992
승용일반형 외산 5000CC이상,4,승용차합계,승용일반형 계,승용일반형 외산 소계,승용일반형 외산 5000CC이상,5257,928,1704,1269,1425,396,267,76,5460,397,513,688,539,676,1757,315,21667
승용일반형 외산 저속전기,4,승용차합계,승용일반형 계,승용일반형 외산 소계,승용일반형 외산 저속전기,0,0,0,0,0,0,0,0,0,0,0,0,0,0,0,0,0
승용일반형 외산 전기,4,승용차합계,승용일반형 계,승용일반형 외산 소계,승용일반형 외산 전기,23308,5932,14104,7088,15796,3579,1665,1518,40458,3137,3265,4352,2802,4027,10151,3658,144840
승용겸 화물 계,2,승용차합계,승용겸 화물 계,,,12937,13447,4996,4223,9688,3044,1754,577,24798,3266,3199,4514,2796,4338,6660,9317,109554
승용겸 화물 1500CC미만,4,승용차합계,승용겸 화물 계,,승용겸 화물 1500CC미만,12322,12861,4693,3975,8564,2879,1671,565,23656,3041,2953,4257,2541,4001,6257,7580,101816
승용겸 화물 2000CC미만,4,승용차합계,승용겸 화물 계,,승용겸 화물 2000CC미만,7,7,5,2,0,1,0,1,14,0,1,3,3,3,4,0,51
승용겸 화물 2500CC미만,4,승용차합계,승용겸 화물 계,,승용겸 화물 2500CC미만,342,279,109,123,127,72,39,4,696,127,151,161,148,203,136,83,2800
승용겸 화물 3000CC미만,4,승용차합계,승용겸 화물 계,,승용겸 화물 3000CC미만,27,29,22,8,9,10,2,0,35,13,9,15,18,24,18,3,242
승용겸 화물 3500CC미만,4,승용차합계,승용겸 화물 계,,승용겸 화물 3500CC미만,6,6,3,3,2,1,0,0,4,3,3,1,2,2,3,2,41
승용겸 화물 3500CC이상,4,승용차합계,승용겸 화물 계,,승용겸 화물 3500CC이상,71,33,20,39,17,16,6,0,108,37,19,22,14,17,17,16,452
승용겸 화물 저속전기,4,승용차합계,승용겸 화물 계,,승용겸 화물 저속전기,0,0,0,0,0,0,0,0,0,0,0,0,0,0,0,0,0
승용겸 화물 전기,4,승용차합계,승용겸 화물 계,,승용겸 화물 전기,162,232,144,73,969,65,36,7,285,45,63,55,70,88,225,1633,4152
승용다목적형 계,2,승용차합계,승용다목적형 계,,,865857,537264,452436,330575,520904,196427,185023,59133,1896480,239113,250582,331563,258802,372176,542526,236933,7275794
승용다목적형 1500CC미만,4,승용차합계,승용다목적형 계,,승용다목적형 1500CC미만,23912,10524,11345,6427,19419,5701,3345,2007,62590,6452,7215,9642,6181,8012,15342,3825,201939
승용다목적형 2000CC미만,4,승용차합계,승용다목적형 계,,승용다목적형 2000CC미만,475550,331897,246215,188339,279870,119106,111365,35135,1114545,144495,150304,199199,161010,226537,323046,119455,4226068
승용다목적형 2500CC미만,4,승용차합계,승용다목적형 계,,승용다목적형 2500CC미만,166267,99776,79149,63507,92655,34363,41634,10515,356328,46198,45301,63600,48051,72552,95330,52924,1368150
승용다목적형 3000CC미만,4,승용차합계,승용다목적형 계,,승용다목적형 3000CC미만,83216,36859,47267,29671,47597,12546,10629,3339,134993,16657,16739,22761,17438,27043,39756,14931,561442
승용다목적형 3500CC미만,4,승용차합계,승용다목적형 계,,승용다목적형 3500CC미만,14967,4438,4380,3821,5677,1724,1526,455,20889,1932,1860,2779,1719,2696,3971,3654,76488
승용다목적형 3500CC이상,4,승용차합계,승용다목적형 계,,승용다목적형 3500CC이상,30972,9740,16046,8295,16061,4422,4242,1597,54026,5484,6053,8015,4887,7447,13650,5094,196031
승용다목적형 저속전기,4,승용차합계,승용다목적형 계,,승용다목적형 저속전기,2,0,0,0,0,0,0,0,3,2,0,0,0,0,0,0,7
승용다목적형 전기,4,승용차합계,승용다목적형 계,,승용다목적형 전기,70971,44030,48034,30515,59625,18565,12282,6085,153106,17893,23110,25567,19516,27889,51431,37050,645669
승용기타형 계,2,승용차합계,승용기타형 계,,,198766,150191,97348,71918,138211,53596,31489,15109,509876,60592,66420,93650,64936,88259,130601,64176,1835138
승용기타형 1500CC미만,4,승용차합계,승용기타형 계,,승용기타형 1500CC미만,24094,21036,12793,9369,19602,7956,4681,2039,75860,10385,10289,14519,9710,12612,18209,5109,258263
승용기타형 2000CC미만,4,승용차합계,승용기타형 계,,승용기타형 2000CC미만,79651,65364,40767,31754,59241,22842,13993,6941,216601,27339,28131,38425,27667,38079,58144,28587,783526
승용기타형 2500CC미만,4,승용차합계,승용기타형 계,,승용기타형 2500CC미만,63222,47996,30233,22435,41188,16824,9391,4509,161507,16982,21128,30841,21083,28470,38316,17791,571916
승용기타형 3000CC미만,4,승용차합계,승용기타형 계,,승용기타형 3000CC미만,2543,766,715,548,857,417,228,57,3467,300,387,582,436,720,762,193,12978
승용기타형 3500CC미만,4,승용차합계,승용기타형 계,,승용기타형 3500CC미만,23465,10355,9851,5248,12535,3851,2438,1139,41465,3782,4688,6711,3964,5998,12067,8374,155931
승용기타형 3500CC이상,4,승용차합계,승용기타형 계,,승용기타형 3500CC이상,345,116,57,45,91,59,24,18,544,53,59,90,72,86,73,37,1769
승용기타형 저속전기,4,승용차합계,승용기타형 계,,승용기타형 저속전기,47,35,11,23,32,26,7,5,134,29,39,36,4,24,26,33,511
승용기타형 전기,4,승용차합계,승용기타형 계,,승용기타형 전기,5399,4523,2921,2496,4665,1621,727,401,10298,1722,1699,2446,2000,2270,3004,4052,50244
승합차 합계,1,승합차 합계,,,,77568,48574,32939,24388,35531,15142,11914,3651,159720,22626,24310,33868,26176,40048,42283,16144,614882
승합일반형 계,2,승합차 합계,승합일반형 계,,,73082,45496,31338,22549,33714,13916,11143,3238,150975,20867,22647,31505,24539,37267,39552,15558,577386
시내버스,3,승합차 합계,승합일반형 계,시내버스,,10519,5986,3736,1888,2866,1133,1030,496,4265,961,1343,1585,1322,1822,2449,1443,42844
시외버스,3,승합차 합계,승합일반형 계,시외버스,,0,33,0,0,0,0,0,0,18594,480,415,715,466,615,1191,562,23071
전세버스,3,승합차 합계,승합일반형 계,전세버스,,2789,1937,1870,1567,3621,767,897,132,9284,1214,1960,2891,1941,2539,2794,1939,38142
고속버스,3,승합차 합계,승합일반형 계,고속버스,,0,0,0,0,0,0,0,0,4,0,1,0,0,0,9,1,15
농어촌버스,3,승합차 합계,승합일반형 계,농어촌버스,,0,0,0,0,0,0,0,0,0,0,0,0,0,0,0,0,0
마을버스,3,승합차 합계,승합일반형 계,마을버스,,0,0,0,0,0,0,0,0,0,0,0,0,0,0,0,0,0
승합일반기타형 계,3,승합차 합계,승합일반형 계,승합일반기타형 계,,59774,37540,25732,19094,27227,12016,9216,2610,118828,18212,18928,26314,20810,32291,33109,11613,473314
승합일반 15인 이하,4,승합차 합계,승합일반형 계,승합일반기타형 계,승합일반 15인 이하,55286,34084,23536,17067,25142,10857,8137,2362,108296,16117,17025,23408,18849,28428,29377,10829,428800
승합일반 25인 이하,4,승합차 합계,승합일반형 계,승합일반기타형 계,승합일반 25인 이하,1598,1436,683,681,747,481,438,96,3736,772,753,1060,817,1370,1262,310,16240
승합일반 35인 이하,4,승합차 합계,승합일반형 계,승합일반기타형 계,승합일반 35인 이하,1085,932,442,410,491,256,223,58,2355,626,436,700,510,847,849,241,10461
승합일반 50인 이하,4,승합차 합계,승합일반형 계,승합일반기타형 계,승합일반 50인 이하,1744,1069,1040,877,801,415,403,92,4213,680,696,1127,620,1526,1563,228,17094
승합일반 51인 이상,4,승합차 합계,승합일반형 계,승합일반기타형 계,승합일반 51인 이상,61,19,31,59,46,7,15,2,228,17,18,19,14,120,58,5,719
승합특수형 계,2,승합차 합계,승합특수형 계,,,4486,3078,1601,1839,1817,1226,771,413,8745,1759,1663,2363,1637,2781,2731,586,37496
구급차,3,승합차 합계,승합특수형 계,구급차,,964,645,410,315,274,185,123,28,1180,348,279,386,331,446,572,82,6568
장의차,3,승합차 합계,승합특수형 계,장의차,,21,15,8,15,7,10,0,0,43,12,19,18,14,19,8,8,217
"헌혈, 채혈차",3,승합차 합계,승합특수형 계,"헌혈, 채혈차",,3,2,0,2,1,2,0,0,3,1,1,0,1,1,0,1,18
"방송, 보도용차",3,승합차 합계,승합특수형 계,"방송, 보도용차",,15,5,2,1,0,1,2,2,14,1,1,1,1,3,3,0,52
승합피견인형,3,승합차 합계,승합특수형 계,승합피견인형,,1093,1122,384,743,612,506,258,252,3943,724,720,1134,630,1295,942,160,14518
승합특수형 기타,3,승합차 합계,승합특수형 계,승합특수형 기타,,2390,1289,797,763,923,522,388,131,3562,673,643,824,660,1017,1206,335,16123
화물자동차 합계,1,화물자동차 합계,,,,293240,350364,180856,156935,200196,84320,73774,16943,850620,164472,166637,237571,194233,325577,299185,92981,3687904
화물일반형 계,2,화물자동차 합계,화물일반형 계,,,183708,263380,118739,104826,126845,55405,51276,11841,575975,121607,122689,179109,147500,247747,224753,66283,2601683
화물 픽업형,3,화물자동차 합계,화물일반형 계,화물 픽업형,,23277,32922,13619,14633,19793,9823,6334,2369,88803,25972,21811,29368,21948,31196,29617,9864,381349
화물카고형 계,3,화물자동차 합계,화물일반형 계,화물카고형 계,,160431,230458,105120,90193,107052,45582,44942,9472,487172,95635,100878,149741,125552,216551,195136,56419,2220334
화물카고형 1톤 이하,4,화물자동차 합계,화물일반형 계,화물카고형 계,화물카고형 1톤 이하,126573,189677,80895,71714,85131,35700,36104,7441,368765,81662,83237,122559,102636,184308,158966,50243,1785611
화물카고형 3톤 이하,4,화물자동차 합계,화물일반형 계,화물카고형 계,화물카고형 3톤 이하,16091,11308,8540,6768,9195,2795,2018,613,46099,4712,4851,7458,6548,9757,12058,2452,151263
화물카고형 5톤 미만,4,화물자동차 합계,화물일반형 계,화물카고형 계,화물카고형 5톤 미만,8225,10978,5871,5391,5540,2628,1817,521,37389,4199,5587,8203,6196,9335,9763,1526,123169
화물카고형 8톤 미만,4,화물자동차 합계,화물일반형 계,화물카고형 계,화물카고형 8톤 미만,4079,7695,3573,2659,2228,1579,1701,509,16099,2728,3422,5493,4289,6219,6844,920,70037
화물카고형 10톤 미만,4,화물자동차 합계,화물일반형 계,화물카고형 계,화물카고형 10톤 미만,1957,2995,1251,986,985,847,521,112,7103,626,1257,1893,1496,1634,1985,663,26311
화물카고형 12톤 미만,4,화물자동차 합계,화물일반형 계,화물카고형 계,화물카고형 12톤 미만,646,711,534,228,335,202,192,25,1616,168,245,371,451,464,545,61,6794
화물카고형 12톤 이상,4,화물자동차 합계,화물일반형 계,화물카고형 계,화물카고형 12톤 이상,2860,7094,4456,2447,3638,1831,2589,251,10101,1540,2279,3764,3936,4834,4975,554,57149
화물덤프형 계,2,화물자동차 합계,화물덤프형 계,,,1606,5690,896,1144,903,594,1019,311,5435,4318,3713,4909,3843,9346,6337,1568,51632
화물덤프형 1톤 이하,4,화물자동차 합계,화물덤프형 계,,화물덤프형 1톤 이하,396,3588,457,475,304,280,781,199,2427,3126,2652,3226,2413,6184,4617,937,32062
화물덤프형 5톤 미만,4,화물자동차 합계,화물덤프형 계,,화물덤프형 5톤 미만,867,1402,277,526,486,233,169,44,1837,749,648,847,923,2202,1213,311,12734
화물덤프형 12톤 미만,4,화물자동차 합계,화물덤프형 계,,화물덤프형 12톤 미만,333,669,147,132,103,76,61,67,1143,434,386,817,484,921,491,314,6578
화물덤프형 12톤 이상,4,화물자동차 합계,화물덤프형 계,,화물덤프형 12톤 이상,10,31,15,11,10,5,8,1,28,9,27,19,23,39,16,6,258
화물 밴형 계,2,화물자동차 합계,화물 밴형 계,,,46665,21742,18849,19518,25877,10220,6629,1289,87471,10875,11236,13282,12115,19982,21535,12783,340068
화물밴형 1톤 이하,4,화물자동차 합계,화물 밴형 계,,화물밴형 1톤 이하,46203,21257,18615,19299,25600,10058,6542,1256,86066,10543,10962,12882,11809,19541,21173,12675,334481
화물밴형 5톤 미만,4,화물자동차 합계,화물 밴형 계,,화물밴형 5톤 미만,456,474,227,213,274,157,83,32,1376,329,269,397,294,425,357,106,5469
화물밴형 5톤 이상,4,화물자동차 합계,화물 밴형 계,,화물밴형 5톤 이상,6,11,7,6,3,5,4,1,29,3,5,3,12,16,5,2,118
화물특수용도형 계,2,화물자동차 합계,화물특수용도형 계,,,61261,59552,42372,31447,46571,18101,14850,3502,181739,27672,28999,40271,30775,48502,46560,12347,694521
화물특수용도형(청소자),3,화물자동차 합계,화물특수용도형 계,화물특수용도형(청소자),,1571,2155,555,559,529,285,318,77,2762,810,598,1023,910,1475,1099,295,15021
화물특수용도형(노면청소차),3,화물자동차 합계,화물특수용도형 계,화물특수용도형(노면청소차),,296,143,121,123,199,38,41,11,460,131,91,90,134,132,131,41,2182
화물특수용도형(살수차),3,화물자동차 합계,화물특수용도형 계,화물특수용도형(살수차),,196,170,28,40,68,10,20,7,214,68,74,75,80,134,72,35,1291
화물특수용도형(소방차),3,화물자동차 합계,화물특수용도형 계,화물특수용도형(소방차),,259,532,175,190,216,98,181,40,747,349,261,393,321,446,451,87,4746
"화물특수용도형(냉장,냉동차)",3,화물자동차 합계,화물특수용도형 계,"화물특수용도형(냉장,냉동차)",,15344,10182,7778,7210,7364,3862,1904,576,39794,5040,4844,5907,5637,7387,8085,3171,134085
"화물특수용도형(곡물,사료운반)",3,화물자동차 합계,화물특수용도형 계,"화물특수용도형(곡물,사료운반)",,113,326,61,87,394,61,21,9,424,63,122,197,402,305,195,57,2837
유조차 소계,3,화물자동차 합계,화물특수용도형 계,유조차 소계,,468,1142,373,379,816,164,326,39,2334,714,668,839,682,1286,1225,177,11632
유조차(항공유),4,화물자동차 합계,화물특수용도형 계,유조차 소계,유조차(항공유),36,13,11,14,22,8,12,0,38,14,24,15,8,11,12,9,247
유조차(휘발유),4,화물자동차 합계,화물특수용도형 계,유조차 소계,유조차(휘발유),8,7,2,4,18,1,2,0,17,1,4,9,9,10,8,1,101
"유조차(등유, 경유)",4,화물자동차 합계,화물특수용도형 계,유조차 소계,"유조차(등유, 경유)",381,1012,320,327,685,138,280,33,2039,645,560,719,580,1163,1086,144,10112
유조차(방카C유),4,화물자동차 합계,화물특수용도형 계,유조차 소계,유조차(방카C유),0,5,2,1,5,0,3,0,12,1,7,3,3,4,9,0,55
유조차(기타),4,화물자동차 합계,화물특수용도형 계,유조차 소계,유조차(기타),43,105,38,33,86,17,29,6,228,53,73,93,82,98,110,23,1117
탱크로리 소계,3,화물자동차 합계,화물특수용도형 계,탱크로리 소계,,684,1012,296,280,686,121,358,118,2190,619,578,908,795,1028,934,312,10919
"탱크로리(식수, 음료)",4,화물자동차 합계,화물특수용도형 계,탱크로리 소계,"탱크로리(식수, 음료)",11,25,2,7,13,8,3,13,82,16,16,26,26,26,29,4,307
탱크로리(압축가스),4,화물자동차 합계,화물특수용도형 계,탱크로리 소계,탱크로리(압축가스),27,81,21,33,64,12,20,5,261,69,70,98,62,84,73,58,1038
탱크로리(화공약품),4,화물자동차 합계,화물특수용도형 계,탱크로리 소계,탱크로리(화공약품),23,48,11,13,68,1,35,4,79,23,6,27,34,29,27,1,429
탱크로리(기타),4,화물자동차 합계,화물특수용도형 계,탱크로리 소계,탱크로리(기타),623,858,262,227,541,100,300,96,1768,511,486,757,673,889,805,249,9145
피견인차 소계,3,화물자동차 합계,화물특수용도형 계,피견인차 소계,,5208,12921,15221,3587,12879,2857,5140,752,23756,3808,6164,8692,5036,9612,8568,699,124900
피견인차(적재함형),4,화물자동차 합계,화물특수용도형 계,피견인차 소계,피견인차(적재함형),988,1320,549,803,969,669,377,287,4562,824,968,1237,658,1228,915,105,16459
피견인차(저상형),4,화물자동차 합계,화물특수용도형 계,피견인차 소계,피견인차(저상형),192,478,509,159,378,101,229,15,742,194,199,375,255,435,633,43,4937
피견인차(평판형),4,화물자동차 합계,화물특수용도형 계,피견인차 소계,피견인차(평판형),368,1724,1247,360,949,207,690,28,1524,282,437,939,471,1985,1230,77,12518
피견인차(콘테이너샤시),4,화물자동차 합계,화물특수용도형 계,피견인차 소계,피견인차(콘테이너샤시),462,4035,10372,383,6882,419,1955,67,5121,168,1287,1438,1094,1704,2494,24,37905
피견인차(기타),4,화물자동차 합계,화물특수용도형 계,피견인차 소계,피견인차(기타),3198,5364,2544,1882,3701,1461,1889,355,11807,2340,3273,4703,2558,4260,3296,450,53081
화물특수용도형(기타),3,화물자동차 합계,화물특수용도형 계,화물특수용도형(기타),,37122,30969,17764,18992,23420,10605,6541,1873,109058,16070,15599,22147,16778,26697,25800,7473,386908
특수자동차 합계,1,특수자동차 합계,,,,11750,14171,12676,5695,9650,4039,4048,1067,32873,5864,6964,8662,6518,11440,11746,2249,149412
구난차 계,2,특수자동차 합계,구난차 계,,,571,876,393,273,430,224,198,46,2370,534,490,704,524,1165,871,225,9894
구난차 5톤 이하,4,특수자동차 합계,구난차 계,,구난차 5톤 이하,550,822,371,254,399,211,185,43,2142,487,446,641,495,1073,815,205,9139
구난차 10톤 미만,4,특수자동차 합계,구난차 계,,구난차 10톤 미만,16,20,10,8,7,4,5,3,119,19,18,18,10,51,16,10,334
구난차 10톤 이상,4,특수자동차 합계,구난차 계,,구난차 10톤 이상,5,34,12,11,24,9,8,0,109,28,26,45,19,41,40,10,421
견인차 계,2,특수자동차 합계,견인차 계,,,1348,5298,8306,848,3991,656,1641,121,4830,642,1722,1861,1521,3365,4016,122,40288
견인차 5톤 이하,4,특수자동차 합계,견인차 계,,견인차 5톤 이하,23,36,12,4,11,8,2,1,72,15,13,17,10,30,23,0,277
견인차 10톤 미만,4,특수자동차 합계,견인차 계,,견인차 10톤 미만,40,48,55,1,26,2,13,0,103,1,1,2,17,7,24,1,341
견인차 10톤 이상,4,특수자동차 합계,견인차 계,,견인차 10톤 이상,1285,5214,8239,843,3954,646,1626,120,4655,626,1708,1842,1494,3328,3969,121,39670
특수용도형 계,2,특수자동차 합계,특수용도형 계,,,9831,7997,3977,4574,5229,3159,2209,900,25673,4688,4752,6097,4473,6910,6859,1902,99230
특수용도형(고소작업차),3,특수자동차 합계,특수용도형 계,특수용도형(고소작업차),,2527,2787,1369,1330,1528,949,686,149,7857,1643,1571,1899,1562,2218,2372,1139,31586
특수용도형(고가사다리소방차),3,특수자동차 합계,특수용도형 계,특수용도형(고가사다리소방차),,146,88,33,52,53,30,21,6,266,66,44,52,51,67,73,22,1070
특수용도형(오가크레인),3,특수자동차 합계,특수용도형 계,특수용도형(오가크레인),,0,1,0,0,0,0,0,0,0,0,1,0,0,0,0,0,2
특수용도형(피견인형),3,특수자동차 합계,특수용도형 계,특수용도형(피견인형),,949,941,452,716,578,529,250,241,4060,610,803,1105,561,1113,835,130,13873
특수용도형(기타),3,특수자동차 합계,특수용도형 계,특수용도형(기타),,6209,4180,2123,2476,3070,1651,1252,504,13490,2369,2333,3041,2299,3512,3579,611,52699
