city,year,month,type_l1,type_l2,type_l3,type_l4,registered_count
강원,2026,08,승용,겸 화물,외산,1500CC미만,3041
강원,2026,08,승용,겸 화물,외산,2000CC미만,0
강원,2026,08,승용,겸 화물,외산,2500CC미만,127
강원,2026,08,승용,겸 화물,외산,3000CC미만,13
강원,2026,08,승용,겸 화물,외산,3500CC미만,3
강원,2026,08,승용,겸 화물,외산,3500CC이상,37
강원,2026,08,승용,겸 화물,외산,저속전기,0
강원,2026,08,승용,겸 화물,외산,전기,45
강원,2026,08,승용,기타형,외산,1500CC미만,10385
강원,2026,08,승용,기타형,외산,2000CC미만,27339
강원,2026,08,승용,기타형,외산,2500CC미만,16982
강원,2026,08,승용,기타형,외산,3000CC미만,300
강원,2026,08,승용,기타형,외산,3500CC미만,3782
강원,2026,08,승용,기타형,외산,3500CC이상,53
강원,2026,08,승용,기타형,외산,저속전기,29
강원,2026,08,승용,기타형,외산,전기,1722
강원,2026,08,승용,다목적형,외산,1500CC미만,6452
강원,2026,08,승용,다목적형,외산,2000CC미만,144495
강원,2026,08,승용,다목적형,외산,2500CC미만,46198
강원,2026,08,승용,다목적형,외산,3000CC미만,16657
강원,2026,08,승용,다목적형,외산,3500CC미만,1932
강원,2026,08,승용,다목적형,외산,3500CC이상,5484
강원,2026,08,승용,다목적형,외산,저속전기,2
강원,2026,08,승용,다목적형,외산,전기,17893
강원,2026,08,승용,일반형,국산,1000CC미만,84385
강원,2026,08,승용,일반형,국산,1500CC미만,14243
강원,2026,08,승용,일반형,국산,2000CC미만,156538
강원,2026,08,승용,일반형,국산,2500CC미만,39813
강원,2026,08,승용,일반형,국산,3000CC미만,17654
강원,2026,08,승용,일반형,국산,3500CC미만,14464
강원,2026,08,승용,일반형,국산,4000CC미만,5641
강원,2026,08,승용,일반형,국산,4500CC미만,29
강원,2026,08,승용,일반형,국산,5000CC미만,129
강원,2026,08,승용,일반형,국산,5000CC이상,494
강원,2026,08,승용,일반형,국산,800CC미만,1305
강원,2026,08,승용,일반형,국산,저속전기,0
강원,2026,08,승용,일반형,국산,전기,3936
강원,2026,08,승용,일반형,외산,1000CC미만,61
강원,2026,08,승용,일반형,외산,1500CC미만,5622
강원,2026,08,승용,일반형,외산,2000CC미만,25966
강원,2026,08,승용,일반형,외산,2500CC미만,5459
강원,2026,08,승용,일반형,외산,3000CC미만,4884
강원,2026,08,승용,일반형,외산,3500CC미만,1621
강원,2026,08,승용,일반형,외산,4000CC미만,1144
강원,2026,08,승용,일반형,외산,4500CC미만,315
강원,2026,08,승용,일반형,외산,5000CC미만,325
강원,2026,08,승용,일반형,외산,5000CC이상,397
강원,2026,08,승용,일반형,외산,800CC미만,55
강원,2026,08,승용,일반형,외산,저속전기,0
강원,2026,08,승용,일반형,외산,전기,3137
강원,2026,08,승합,일반형,계,15인 이하,16117
강원,2026,08,승합,일반형,계,25인 이하,772
강원,2026,08,승합,일반형,계,35인 이하,626
강원,2026,08,승합,일반형,계,50인 이하,680
강원,2026,08,승합,일반형,계,51인 이상,17
강원,2026,08,특수,견인차,화물특수용도형(기타),10톤 미만,1
강원,2026,08,특수,견인차,화물특수용도형(기타),10톤 이상,626
강원,2026,08,특수,견인차,화물특수용도형(기타),5톤 이하,15
강원,2026,08,특수,구난차,화물특수용도형(기타),10톤 미만,19
강원,2026,08,특수,구난차,화물특수용도형(기타),10톤 이상,28
강원,2026,08,특수,구난차,화물특수용도형(기타),5톤 이하,487
강원,2026,08,화물,덤프형,계,12톤 미만,434
강원,2026,08,화물,덤프형,계,12톤 이상,9
강원,2026,08,화물,덤프형,계,1톤 이하,3126
강원,2026,08,화물,덤프형,계,5톤 미만,749
강원,2026,08,화물,밴형,계,1톤 이하,10543
강원,2026,08,화물,밴형,계,5톤 미만,329
강원,2026,08,화물,밴형,계,5톤 이상,3
강원,2026,08,화물,용도형,유조차,경유),645
강원,2026,08,화물,용도형,유조차,유조차(기타),53
강원,2026,08,화물,용도형,유조차,유조차(방카C유),1
강원,2026,08,화물,용도형,유조차,유조차(항공유),14
강원,2026,08,화물,용도형,유조차,유조차(휘발유),1
강원,2026,08,화물,용도형,탱크로리,음료),16
강원,2026,08,화물,용도형,탱크로리,탱크로리(기타),511
강원,2026,08,화물,용도형,탱크로리,탱크로리(압축가스),69
강원,2026,08,화물,용도형,탱크로리,탱크로리(화공약품),23
강원,2026,08,화물,용도형,피견인차,피견인차(기타),2340
강원,2026,08,화물,용도형,피견인차,피견인차(저상형),194
강원,2026,08,화물,용도형,피견인차,피견인차(적재함형),824
강원,2026,08,화물,용도형,피견인차,피견인차(콘테이너샤시),168
강원,2026,08,화물,용도형,피견인차,피견인차(평판형),282
강원,2026,08,화물,일반형,계,10톤 미만,626
강원,2026,08,화물,일반형,계,12톤 미만,168
강원,2026,08,화물,일반형,계,12톤 이상,1540
강원,2026,08,화물,일반형,계,1톤 이하,81662
강원,2026,08,화물,일반형,계,3톤 이하,4712
강원,2026,08,화물,일반형,계,5톤 미만,4199
강원,2026,08,화물,일반형,계,8톤 미만,2728
경기,2026,08,승용,겸 화물,외산,1500CC미만,23656
경기,2026,08,승용,겸 화물,외산,2000CC미만,14
경기,2026,08,승용,겸 화물,외산,2500CC미만,696
경기,2026,08,승용,겸 화물,외산,3000CC미만,35
경기,2026,08,승용,겸 화물,외산,3500CC미만,4
경기,2026,08,승용,겸 화물,외산,3500CC이상,108
경기,2026,08,승용,겸 화물,외산,저속전기,0
경기,2026,08,승용,겸 화물,외산,전기,285
경기,2026,08,승용,기타형,외산,1500CC미만,75860
경기,2026,08,승용,기타형,외산,2000CC미만,216601
경기,2026,08,승용,기타형,외산,2500CC미만,161507
경기,2026,08,승용,기타형,외산,3000CC미만,3467
경기,2026,08,승용,기타형,외산,3500CC미만,41465
경기,2026,08,승용,기타형,외산,3500CC이상,544
경기,2026,08,승용,기타형,외산,저속전기,134
경기,2026,08,승용,기타형,외산,전기,10298
경기,2026,08,승용,다목적형,외산,1500CC미만,62590
경기,2026,08,승용,다목적형,외산,2000CC미만,1114545
경기,2026,08,승용,다목적형,외산,2500CC미만,356328
경기,2026,08,승용,다목적형,외산,3000CC미만,134993
경기,2026,08,승용,다목적형,외산,3500CC미만,20889
경기,2026,08,승용,다목적형,외산,3500CC이상,54026
경기,2026,08,승용,다목적형,외산,저속전기,3
경기,2026,08,승용,다목적형,외산,전기,153106
경기,2026,08,승용,일반형,국산,1000CC미만,505656
경기,2026,08,승용,일반형,국산,1500CC미만,114083
경기,2026,08,승용,일반형,국산,2000CC미만,1292679
경기,2026,08,승용,일반형,국산,2500CC미만,368371
경기,2026,08,승용,일반형,국산,3000CC미만,155211
경기,2026,08,승용,일반형,국산,3500CC미만,137033
경기,2026,08,승용,일반형,국산,4000CC미만,51576
경기,2026,08,승용,일반형,국산,4500CC미만,217
경기,2026,08,승용,일반형,국산,5000CC미만,955
경기,2026,08,승용,일반형,국산,5000CC이상,4433
경기,2026,08,승용,일반형,국산,800CC미만,8374
경기,2026,08,승용,일반형,국산,저속전기,2
경기,2026,08,승용,일반형,국산,전기,28364
경기,2026,08,승용,일반형,외산,1000CC미만,602
경기,2026,08,승용,일반형,외산,1500CC미만,48566
경기,2026,08,승용,일반형,외산,2000CC미만,342529
경기,2026,08,승용,일반형,외산,2500CC미만,78841
경기,2026,08,승용,일반형,외산,3000CC미만,69077
경기,2026,08,승용,일반형,외산,3500CC미만,23618
경기,2026,08,승용,일반형,외산,4000CC미만,16336
경기,2026,08,승용,일반형,외산,4500CC미만,3832
경기,2026,08,승용,일반형,외산,5000CC미만,4113
경기,2026,08,승용,일반형,외산,5000CC이상,5460
경기,2026,08,승용,일반형,외산,800CC미만,865
경기,2026,08,승용,일반형,외산,저속전기,0
경기,2026,08,승용,일반형,외산,전기,40458
경기,2026,08,승합,일반형,계,15인 이하,108296
경기,2026,08,승합,일반형,계,25인 이하,3736
경기,2026,08,승합,일반형,계,35인 이하,2355
경기,2026,08,승합,일반형,계,50인 이하,4213
경기,2026,08,승합,일반형,계,51인 이상,228
경기,2026,08,특수,견인차,화물특수용도형(기타),10톤 미만,103
경기,2026,08,특수,견인차,화물특수용도형(기타),10톤 이상,4655
경기,2026,08,특수,견인차,화물특수용도형(기타),5톤 이하,72
경기,2026,08,특수,구난차,화물특수용도형(기타),10톤 미만,119
경기,2026,08,특수,구난차,화물특수용도형(기타),10톤 이상,109
경기,2026,08,특수,구난차,화물특수용도형(기타),5톤 이하,2142
경기,2026,08,화물,덤프형,계,12톤 미만,1143
경기,2026,08,화물,덤프형,계,12톤 이상,28
경기,2026,08,화물,덤프형,계,1톤 이하,2427
경기,2026,08,화물,덤프형,계,5톤 미만,1837
경기,2026,08,화물,밴형,계,1톤 이하,86066
경기,2026,08,화물,밴형,계,5톤 미만,1376
경기,2026,08,화물,밴형,계,5톤 이상,29
경기,2026,08,화물,용도형,유조차,경유),2039
경기,2026,08,화물,용도형,유조차,유조차(기타),228
경기,2026,08,화물,용도형,유조차,유조차(방카C유),12
경기,2026,08,화물,용도형,유조차,유조차(항공유),38
경기,2026,08,화물,용도형,유조차,유조차(휘발유),17
경기,2026,08,화물,용도형,탱크로리,음료),82
경기,2026,08,화물,용도형,탱크로리,탱크로리(기타),1768
경기,2026,08,화물,용도형,탱크로리,탱크로리(압축가스),261
경기,2026,08,화물,용도형,탱크로리,탱크로리(화공약품),79
경기,2026,08,화물,용도형,피견인차,피견인차(기타),11807
경기,2026,08,화물,용도형,피견인차,피견인차(저상형),742
경기,2026,08,화물,용도형,피견인차,피견인차(적재함형),4562
경기,2026,08,화물,용도형,피견인차,피견인차(콘테이너샤시),5121
경기,2026,08,화물,용도형,피견인차,피견인차(평판형),1524
경기,2026,08,화물,일반형,계,10톤 미만,7103
경기,2026,08,화물,일반형,계,12톤 미만,1616
경기,2026,08,화물,일반형,계,12톤 이상,10101
경기,2026,08,화물,일반형,계,1톤 이하,368765
경기,2026,08,화물,일반형,계,3톤 이하,46099
경기,2026,08,화물,일반형,계,5톤 미만,37389
경기,2026,08,화물,일반형,계,8톤 미만,16099
경남,2026,08,승용,겸 화물,외산,1500CC미만,6257
경남,2026,08,승용,겸 화물,외산,2000CC미만,4
경남,2026,08,승용,겸 화물,외산,2500CC미만,136
경남,2026,08,승용,겸 화물,외산,3000CC미만,18
경남,2026,08,승용,겸 화물,외산,3500CC미만,3
경남,2026,08,승용,겸 화물,외산,3500CC이상,17
경남,2026,08,승용,겸 화물,외산,저속전기,0
경남,2026,08,승용,겸 화물,외산,전기,225
경남,2026,08,승용,기타형,외산,1500CC미만,18209
경남,2026,08,승용,기타형,외산,2000CC미만,58144
경남,2026,08,승용,기타형,외산,2500CC미만,38316
경남,2026,08,승용,기타형,외산,3000CC미만,762
경남,2026,08,승용,기타형,외산,3500CC미만,12067
경남,2026,08,승용,기타형,외산,3500CC이상,73
경남,2026,08,승용,기타형,외산,저속전기,26
경남,2026,08,승용,기타형,외산,전기,3004
경남,2026,08,승용,다목적형,외산,1500CC미만,15342
경남,2026,08,승용,다목적형,외산,2000CC미만,323046
경남,2026,08,승용,다목적형,외산,2500CC미만,95330
경남,2026,08,승용,다목적형,외산,3000CC미만,39756
경남,2026,08,승용,다목적형,외산,3500CC미만,3971
경남,2026,08,승용,다목적형,외산,3500CC이상,13650
경남,2026,08,승용,다목적형,외산,저속전기,0
경남,2026,08,승용,다목적형,외산,전기,51431
경남,2026,08,승용,일반형,국산,1000CC미만,180941
경남,2026,08,승용,일반형,국산,1500CC미만,32260
경남,2026,08,승용,일반형,국산,2000CC미만,394214
경남,2026,08,승용,일반형,국산,2500CC미만,114741
경남,2026,08,승용,일반형,국산,3000CC미만,50909
경남,2026,08,승용,일반형,국산,3500CC미만,46147
경남,2026,08,승용,일반형,국산,4000CC미만,16722
경남,2026,08,승용,일반형,국산,4500CC미만,51
경남,2026,08,승용,일반형,국산,5000CC미만,396
경남,2026,08,승용,일반형,국산,5000CC이상,1534
경남,2026,08,승용,일반형,국산,800CC미만,4362
경남,2026,08,승용,일반형,국산,저속전기,1
경남,2026,08,승용,일반형,국산,전기,11591
경남,2026,08,승용,일반형,외산,1000CC미만,70
경남,2026,08,승용,일반형,외산,1500CC미만,10884
경남,2026,08,승용,일반형,외산,2000CC미만,78109
경남,2026,08,승용,일반형,외산,2500CC미만,13969
경남,2026,08,승용,일반형,외산,3000CC미만,22996
경남,2026,08,승용,일반형,외산,3500CC미만,4232
경남,2026,08,승용,일반형,외산,4000CC미만,5882
경남,2026,08,승용,일반형,외산,4500CC미만,1118
경남,2026,08,승용,일반형,외산,5000CC미만,776
경남,2026,08,승용,일반형,외산,5000CC이상,1757
경남,2026,08,승용,일반형,외산,800CC미만,91
경남,2026,08,승용,일반형,외산,저속전기,0
경남,2026,08,승용,일반형,외산,전기,10151
경남,2026,08,승합,일반형,계,15인 이하,29377
경남,2026,08,승합,일반형,계,25인 이하,1262
경남,2026,08,승합,일반형,계,35인 이하,849
경남,2026,08,승합,일반형,계,50인 이하,1563
경남,2026,08,승합,일반형,계,51인 이상,58
경남,2026,08,특수,견인차,화물특수용도형(기타),10톤 미만,24
경남,2026,08,특수,견인차,화물특수용도형(기타),10톤 이상,3969
경남,2026,08,특수,견인차,화물특수용도형(기타),5톤 이하,23
경남,2026,08,특수,구난차,화물특수용도형(기타),10톤 미만,16
경남,2026,08,특수,구난차,화물특수용도형(기타),10톤 이상,40
경남,2026,08,특수,구난차,화물특수용도형(기타),5톤 이하,815
경남,2026,08,화물,덤프형,계,12톤 미만,491
경남,2026,08,화물,덤프형,계,12톤 이상,16
경남,2026,08,화물,덤프형,계,1톤 이하,4617
경남,2026,08,화물,덤프형,계,5톤 미만,1213
경남,2026,08,화물,밴형,계,1톤 이하,21173
경남,2026,08,화물,밴형,계,5톤 미만,357
경남,2026,08,화물,밴형,계,5톤 이상,5
경남,2026,08,화물,용도형,유조차,경유),1086
경남,2026,08,화물,용도형,유조차,유조차(기타),110
경남,2026,08,화물,용도형,유조차,유조차(방카C유),9
경남,2026,08,화물,용도형,유조차,유조차(항공유),12
경남,2026,08,화물,용도형,유조차,유조차(휘발유),8
경남,2026,08,화물,용도형,탱크로리,음료),29
경남,2026,08,화물,용도형,탱크로리,탱크로리(기타),805
경남,2026,08,화물,용도형,탱크로리,탱크로리(압축가스),73
경남,2026,08,화물,용도형,탱크로리,탱크로리(화공약품),27
경남,2026,08,화물,용도형,피견인차,피견인차(기타),3296
경남,2026,08,화물,용도형,피견인차,피견인차(저상형),633
경남,2026,08,화물,용도형,피견인차,피견인차(적재함형),915
경남,2026,08,화물,용도형,피견인차,피견인차(콘테이너샤시),2494
경남,2026,08,화물,용도형,피견인차,피견인차(평판형),1230
경남,2026,08,화물,일반형,계,10톤 미만,1985
경남,2026,08,화물,일반형,계,12톤 미만,545
경남,2026,08,화물,일반형,계,12톤 이상,4975
경남,2026,08,화물,일반형,계,1톤 이하,158966
경남,2026,08,화물,일반형,계,3톤 이하,12058
경남,2026,08,화물,일반형,계,5톤 미만,9763
경남,2026,08,화물,일반형,계,8톤 미만,6844
경북,2026,08,승용,겸 화물,외산,1500CC미만,4001
경북,2026,08,승용,겸 화물,외산,2000CC미만,3
경북,2026,08,승용,겸 화물,외산,2500CC미만,203
경북,2026,08,승용,겸 화물,외산,3000CC미만,24
경북,2026,08,승용,겸 화물,외산,3500CC미만,2
경북,2026,08,승용,겸 화물,외산,3500CC이상,17
경북,2026,08,승용,겸 화물,외산,저속전기,0
경북,2026,08,승용,겸 화물,외산,전기,88
경북,2026,08,승용,기타형,외산,1500CC미만,12612
경북,2026,08,승용,기타형,외산,2000CC미만,38079
경북,2026,08,승용,기타형,외산,2500CC미만,28470
경북,2026,08,승용,기타형,외산,3000CC미만,720
경북,2026,08,승용,기타형,외산,3500CC미만,5998
경북,2026,08,승용,기타형,외산,3500CC이상,86
경북,2026,08,승용,기타형,외산,저속전기,24
경북,2026,08,승용,기타형,외산,전기,2270
경북,2026,08,승용,다목적형,외산,1500CC미만,8012
경북,2026,08,승용,다목적형,외산,2000CC미만,226537
경북,2026,08,승용,다목적형,외산,2500CC미만,72552
경북,2026,08,승용,다목적형,외산,3000CC미만,27043
경북,2026,08,승용,다목적형,외산,3500CC미만,2696
경북,2026,08,승용,다목적형,외산,3500CC이상,7447
경북,2026,08,승용,다목적형,외산,저속전기,0
경북,2026,08,승용,다목적형,외산,전기,27889
경북,2026,08,승용,일반형,국산,1000CC미만,127897
경북,2026,08,승용,일반형,국산,1500CC미만,25992
경북,2026,08,승용,일반형,국산,2000CC미만,303956
경북,2026,08,승용,일반형,국산,2500CC미만,80553
경북,2026,08,승용,일반형,국산,3000CC미만,48016
경북,2026,08,승용,일반형,국산,3500CC미만,35991
경북,2026,08,승용,일반형,국산,4000CC미만,15254
경북,2026,08,승용,일반형,국산,4500CC미만,47
경북,2026,08,승용,일반형,국산,5000CC미만,361
경북,2026,08,승용,일반형,국산,5000CC이상,1320
경북,2026,08,승용,일반형,국산,800CC미만,3526
경북,2026,08,승용,일반형,국산,저속전기,0
경북,2026,08,승용,일반형,국산,전기,8676
경북,2026,08,승용,일반형,외산,1000CC미만,59
경북,2026,08,승용,일반형,외산,1500CC미만,7736
경북,2026,08,승용,일반형,외산,2000CC미만,40170
경북,2026,08,승용,일반형,외산,2500CC미만,11142
경북,2026,08,승용,일반형,외산,3000CC미만,9428
경북,2026,08,승용,일반형,외산,3500CC미만,3074
경북,2026,08,승용,일반형,외산,4000CC미만,2190
경북,2026,08,승용,일반형,외산,4500CC미만,517
경북,2026,08,승용,일반형,외산,5000CC미만,633
경북,2026,08,승용,일반형,외산,5000CC이상,676
경북,2026,08,승용,일반형,외산,800CC미만,79
경북,2026,08,승용,일반형,외산,저속전기,0
경북,2026,08,승용,일반형,외산,전기,4027
경북,2026,08,승합,일반형,계,15인 이하,28428
경북,2026,08,승합,일반형,계,25인 이하,1370
경북,2026,08,승합,일반형,계,35인 이하,847
경북,2026,08,승합,일반형,계,50인 이하,1526
경북,2026,08,승합,일반형,계,51인 이상,120
경북,2026,08,특수,견인차,화물특수용도형(기타),10톤 미만,7
경북,2026,08,특수,견인차,화물특수용도형(기타),10톤 이상,3328
경북,2026,08,특수,견인차,화물특수용도형(기타),5톤 이하,30
경북,2026,08,특수,구난차,화물특수용도형(기타),10톤 미만,51
경북,2026,08,특수,구난차,화물특수용도형(기타),10톤 이상,41
경북,2026,08,특수,구난차,화물특수용도형(기타),5톤 이하,1073
경북,2026,08,화물,덤프형,계,12톤 미만,921
경북,2026,08,화물,덤프형,계,12톤 이상,39
경북,2026,08,화물,덤프형,계,1톤 이하,6184
경북,2026,08,화물,덤프형,계,5톤 미만,2202
경북,2026,08,화물,밴형,계,1톤 이하,19541
경북,2026,08,화물,밴형,계,5톤 미만,425
경북,2026,08,화물,밴형,계,5톤 이상,16
경북,2026,08,화물,용도형,유조차,경유),1163
경북,2026,08,화물,용도형,유조차,유조차(기타),98
경북,2026,08,화물,용도형,유조차,유조차(방카C유),4
경북,2026,08,화물,용도형,유조차,유조차(항공유),11
경북,2026,08,화물,용도형,유조차,유조차(휘발유),10
경북,2026,08,화물,용도형,탱크로리,음료),26
경북,2026,08,화물,용도형,탱크로리,탱크로리(기타),889
경북,2026,08,화물,용도형,탱크로리,탱크로리(압축가스),84
경북,2026,08,화물,용도형,탱크로리,탱크로리(화공약품),29
경북,2026,08,화물,용도형,피견인차,피견인차(기타),4260
경북,2026,08,화물,용도형,피견인차,피견인차(저상형),435
경북,2026,08,화물,용도형,피견인차,피견인차(적재함형),1228
경북,2026,08,화물,용도형,피견인차,피견인차(콘테이너샤시),1704
경북,2026,08,화물,용도형,피견인차,피견인차(평판형),1985
경북,2026,08,화물,일반형,계,10톤 미만,1634
경북,2026,08,화물,일반형,계,12톤 미만,464
경북,2026,08,화물,일반형,계,12톤 이상,4834
경북,2026,08,화물,일반형,계,1톤 이하,184308
경북,2026,08,화물,일반형,계,3톤 이하,9757
경북,2026,08,화물,일반형,계,5톤 미만,9335
경북,2026,08,화물,일반형,계,8톤 미만,6219
대구,2026,08,승용,겸 화물,외산,1500CC미만,3975
대구,2026,08,승용,겸 화물,외산,2000CC미만,2
대구,2026,08,승용,겸 화물,외산,2500CC미만,123
대구,2026,08,승용,겸 화물,외산,3000CC미만,8
대구,2026,08,승용,겸 화물,외산,3500CC미만,3
대구,2026,08,승용,겸 화물,외산,3500CC이상,39
대구,2026,08,승용,겸 화물,외산,저속전기,0
대구,2026,08,승용,겸 화물,외산,전기,73
대구,2026,08,승용,기타형,외산,1500CC미만,9369
대구,2026,08,승용,기타형,외산,2000CC미만,31754
대구,2026,08,승용,기타형,외산,2500CC미만,22435
대구,2026,08,승용,기타형,외산,3000CC미만,548
대구,2026,08,승용,기타형,외산,3500CC미만,5248
대구,2026,08,승용,기타형,외산,3500CC이상,45
대구,2026,08,승용,기타형,외산,저속전기,23
대구,2026,08,승용,기타형,외산,전기,2496
대구,2026,08,승용,다목적형,외산,1500CC미만,6427
대구,2026,08,승용,다목적형,외산,2000CC미만,188339
대구,2026,08,승용,다목적형,외산,2500CC미만,63507
대구,2026,08,승용,다목적형,외산,3000CC미만,29671
대구,2026,08,승용,다목적형,외산,3500CC미만,3821
대구,2026,08,승용,다목적형,외산,3500CC이상,8295
대구,2026,08,승용,다목적형,외산,저속전기,0
대구,2026,08,승용,다목적형,외산,전기,30515
대구,2026,08,승용,일반형,국산,1000CC미만,82555
대구,2026,08,승용,일반형,국산,1500CC미만,20638
대구,2026,08,승용,일반형,국산,2000CC미만,263731
대구,2026,08,승용,일반형,국산,2500CC미만,78664
대구,2026,08,승용,일반형,국산,3000CC미만,38658
대구,2026,08,승용,일반형,국산,3500CC미만,33530
대구,2026,08,승용,일반형,국산,4000CC미만,13013
대구,2026,08,승용,일반형,국산,4500CC미만,35
대구,2026,08,승용,일반형,국산,5000CC미만,263
대구,2026,08,승용,일반형,국산,5000CC이상,1115
대구,2026,08,승용,일반형,국산,800CC미만,2066
대구,2026,08,승용,일반형,국산,저속전기,0
대구,2026,08,승용,일반형,국산,전기,6018
대구,2026,08,승용,일반형,외산,1000CC미만,83
대구,2026,08,승용,일반형,외산,1500CC미만,8549
대구,2026,08,승용,일반형,외산,2000CC미만,69448
대구,2026,08,승용,일반형,외산,2500CC미만,16987
대구,2026,08,승용,일반형,외산,3000CC미만,19002
대구,2026,08,승용,일반형,외산,3500CC미만,4461
대구,2026,08,승용,일반형,외산,4000CC미만,4438
대구,2026,08,승용,일반형,외산,4500CC미만,784
대구,2026,08,승용,일반형,외산,5000CC미만,782
대구,2026,08,승용,일반형,외산,5000CC이상,1269
대구,2026,08,승용,일반형,외산,800CC미만,78
대구,2026,08,승용,일반형,외산,저속전기,0
대구,2026,08,승용,일반형,외산,전기,7088
대구,2026,08,승합,일반형,계,15인 이하,17067
대구,2026,08,승합,일반형,계,25인 이하,681
대구,2026,08,승합,일반형,계,35인 이하,410
대구,2026,08,승합,일반형,계,50인 이하,877
대구,2026,08,승합,일반형,계,51인 이상,59
대구,2026,08,특수,견인차,화물특수용도형(기타),10톤 미만,1
대구,2026,08,특수,견인차,화물특수용도형(기타),10톤 이상,843
대구,2026,08,특수,견인차,화물특수용도형(기타),5톤 이하,4
대구,2026,08,특수,구난차,화물특수용도형(기타),10톤 미만,8
대구,2026,08,특수,구난차,화물특수용도형(기타),10톤 이상,11
대구,2026,08,특수,구난차,화물특수용도형(기타),5톤 이하,254
대구,2026,08,화물,덤프형,계,12톤 미만,132
대구,2026,08,화물,덤프형,계,12톤 이상,11
대구,2026,08,화물,덤프형,계,1톤 이하,475
대구,2026,08,화물,덤프형,계,5톤 미만,526
대구,2026,08,화물,밴형,계,1톤 이하,19299
대구,2026,08,화물,밴형,계,5톤 미만,213
대구,2026,08,화물,밴형,계,5톤 이상,6
대구,2026,08,화물,용도형,유조차,경유),327
대구,2026,08,화물,용도형,유조차,유조차(기타),33
대구,2026,08,화물,용도형,유조차,유조차(방카C유),1
대구,2026,08,화물,용도형,유조차,유조차(항공유),14
대구,2026,08,화물,용도형,유조차,유조차(휘발유),4
대구,2026,08,화물,용도형,탱크로리,음료),7
대구,2026,08,화물,용도형,탱크로리,탱크로리(기타),227
대구,2026,08,화물,용도형,탱크로리,탱크로리(압축가스),33
대구,2026,08,화물,용도형,탱크로리,탱크로리(화공약품),13
대구,2026,08,화물,용도형,피견인차,피견인차(기타),1882
대구,2026,08,화물,용도형,피견인차,피견인차(저상형),159
대구,2026,08,화물,용도형,피견인차,피견인차(적재함형),803
대구,2026,08,화물,용도형,피견인차,피견인차(콘테이너샤시),383
대구,2026,08,화물,용도형,피견인차,피견인차(평판형),360
대구,2026,08,화물,일반형,계,10톤 미만,986
대구,2026,08,화물,일반형,계,12톤 미만,228
대구,2026,08,화물,일반형,계,12톤 이상,2447
대구,2026,08,화물,일반형,계,1톤 이하,71714
대구,2026,08,화물,일반형,계,3톤 이하,6768
대구,2026,08,화물,일반형,계,5톤 미만,5391
대구,2026,08,화물,일반형,계,8톤 미만,2659
대전,2026,08,승용,겸 화물,외산,1500CC미만,2879
대전,2026,08,승용,겸 화물,외산,2000CC미만,1
대전,2026,08,승용,겸 화물,외산,2500CC미만,72
대전,2026,08,승용,겸 화물,외산,3000CC미만,10
대전,2026,08,승용,겸 화물,외산,3500CC미만,1
대전,2026,08,승용,겸 화물,외산,3500CC이상,16
대전,2026,08,승용,겸 화물,외산,저속전기,0
대전,2026,08,승용,겸 화물,외산,전기,65
대전,2026,08,승용,기타형,외산,1500CC미만,7956
대전,2026,08,승용,기타형,외산,2000CC미만,22842
대전,2026,08,승용,기타형,외산,2500CC미만,16824
대전,2026,08,승용,기타형,외산,3000CC미만,417
대전,2026,08,승용,기타형,외산,3500CC미만,3851
대전,2026,08,승용,기타형,외산,3500CC이상,59
대전,2026,08,승용,기타형,외산,저속전기,26
대전,2026,08,승용,기타형,외산,전기,1621
대전,2026,08,승용,다목적형,외산,1500CC미만,5701
대전,2026,08,승용,다목적형,외산,2000CC미만,119106
대전,2026,08,승용,다목적형,외산,2500CC미만,34363
대전,2026,08,승용,다목적형,외산,3000CC미만,12546
대전,2026,08,승용,다목적형,외산,3500CC미만,1724
대전,2026,08,승용,다목적형,외산,3500CC이상,4422
대전,2026,08,승용,다목적형,외산,저속전기,0
대전,2026,08,승용,다목적형,외산,전기,18565
대전,2026,08,승용,일반형,국산,1000CC미만,56850
대전,2026,08,승용,일반형,국산,1500CC미만,12863
대전,2026,08,승용,일반형,국산,2000CC미만,171527
대전,2026,08,승용,일반형,국산,2500CC미만,45163
대전,2026,08,승용,일반형,국산,3000CC미만,21447
대전,2026,08,승용,일반형,국산,3500CC미만,15569
대전,2026,08,승용,일반형,국산,4000CC미만,5470
대전,2026,08,승용,일반형,국산,4500CC미만,40
대전,2026,08,승용,일반형,국산,5000CC미만,105
대전,2026,08,승용,일반형,국산,5000CC이상,372
대전,2026,08,승용,일반형,국산,800CC미만,1102
대전,2026,08,승용,일반형,국산,저속전기,1
대전,2026,08,승용,일반형,국산,전기,3991
대전,2026,08,승용,일반형,외산,1000CC미만,46
대전,2026,08,승용,일반형,외산,1500CC미만,4766
대전,2026,08,승용,일반형,외산,2000CC미만,33305
대전,2026,08,승용,일반형,외산,2500CC미만,6855
대전,2026,08,승용,일반형,외산,3000CC미만,6406
대전,2026,08,승용,일반형,외산,3500CC미만,1970
대전,2026,08,승용,일반형,외산,4000CC미만,1311
대전,2026,08,승용,일반형,외산,4500CC미만,322
대전,2026,08,승용,일반형,외산,5000CC미만,315
대전,2026,08,승용,일반형,외산,5000CC이상,396
대전,2026,08,승용,일반형,외산,800CC미만,35
대전,2026,08,승용,일반형,외산,저속전기,0
대전,2026,08,승용,일반형,외산,전기,3579
대전,2026,08,승합,일반형,계,15인 이하,10857
대전,2026,08,승합,일반형,계,25인 이하,481
대전,2026,08,승합,일반형,계,35인 이하,256
대전,2026,08,승합,일반형,계,50인 이하,415
대전,2026,08,승합,일반형,계,51인 이상,7
대전,2026,08,특수,견인차,화물특수용도형(기타),10톤 미만,2
대전,2026,08,특수,견인차,화물특수용도형(기타),10톤 이상,646
대전,2026,08,특수,견인차,화물특수용도형(기타),5톤 이하,8
대전,2026,08,특수,구난차,화물특수용도형(기타),10톤 미만,4
대전,2026,08,특수,구난차,화물특수용도형(기타),10톤 이상,9
대전,2026,08,특수,구난차,화물특수용도형(기타),5톤 이하,211
대전,2026,08,화물,덤프형,계,12톤 미만,76
대전,2026,08,화물,덤프형,계,12톤 이상,5
대전,2026,08,화물,덤프형,계,1톤 이하,280
대전,2026,08,화물,덤프형,계,5톤 미만,233
대전,2026,08,화물,밴형,계,1톤 이하,10058
대전,2026,08,화물,밴형,계,5톤 미만,157
대전,2026,08,화물,밴형,계,5톤 이상,5
대전,2026,08,화물,용도형,유조차,경유),138
대전,2026,08,화물,용도형,유조차,유조차(기타),17
대전,2026,08,화물,용도형,유조차,유조차(방카C유),0
대전,2026,08,화물,용도형,유조차,유조차(항공유),8
대전,2026,08,화물,용도형,유조차,유조차(휘발유),1
대전,2026,08,화물,용도형,탱크로리,음료),8
대전,2026,08,화물,용도형,탱크로리,탱크로리(기타),100
대전,2026,08,화물,용도형,탱크로리,탱크로리(압축가스),12
대전,2026,08,화물,용도형,탱크로리,탱크로리(화공약품),1
대전,2026,08,화물,용도형,피견인차,피견인차(기타),1461
대전,2026,08,화물,용도형,피견인차,피견인차(저상형),101
대전,2026,08,화물,용도형,피견인차,피견인차(적재함형),669
대전,2026,08,화물,용도형,피견인차,피견인차(콘테이너샤시),419
대전,2026,08,화물,용도형,피견인차,피견인차(평판형),207
대전,2026,08,화물,일반형,계,10톤 미만,847
대전,2026,08,화물,일반형,계,12톤 미만,202
대전,2026,08,화물,일반형,계,12톤 이상,1831
대전,2026,08,화물,일반형,계,1톤 이하,35700
대전,2026,08,화물,일반형,계,3톤 이하,2795
대전,2026,08,화물,일반형,계,5톤 미만,2628
대전,2026,08,화물,일반형,계,8톤 미만,1579
부산,2026,08,승용,겸 화물,외산,1500CC미만,4693
부산,2026,08,승용,겸 화물,외산,2000CC미만,5
부산,2026,08,승용,겸 화물,외산,2500CC미만,109
부산,2026,08,승용,겸 화물,외산,3000CC미만,22
부산,2026,08,승용,겸 화물,외산,3500CC미만,3
부산,2026,08,승용,겸 화물,외산,3500CC이상,20
부산,2026,08,승용,겸 화물,외산,저속전기,0
부산,2026,08,승용,겸 화물,외산,전기,144
부산,2026,08,승용,기타형,외산,1500CC미만,12793
부산,2026,08,승용,기타형,외산,2000CC미만,40767
부산,2026,08,승용,기타형,외산,2500CC미만,30233
부산,2026,08,승용,기타형,외산,3000CC미만,715
부산,2026,08,승용,기타형,외산,3500CC미만,9851
부산,2026,08,승용,기타형,외산,3500CC이상,57
부산,2026,08,승용,기타형,외산,저속전기,11
부산,2026,08,승용,기타형,외산,전기,2921
부산,2026,08,승용,다목적형,외산,1500CC미만,11345
부산,2026,08,승용,다목적형,외산,2000CC미만,246215
부산,2026,08,승용,다목적형,외산,2500CC미만,79149
부산,2026,08,승용,다목적형,외산,3000CC미만,47267
부산,2026,08,승용,다목적형,외산,3500CC미만,4380
부산,2026,08,승용,다목적형,외산,3500CC이상,16046
부산,2026,08,승용,다목적형,외산,저속전기,0
부산,2026,08,승용,다목적형,외산,전기,48034
부산,2026,08,승용,일반형,국산,1000CC미만,96266
부산,2026,08,승용,일반형,국산,1500CC미만,23432
부산,2026,08,승용,일반형,국산,2000CC미만,304306
부산,2026,08,승용,일반형,국산,2500CC미만,91973
부산,2026,08,승용,일반형,국산,3000CC미만,33931
부산,2026,08,승용,일반형,국산,3500CC미만,36201
부산,2026,08,승용,일반형,국산,4000CC미만,12820
부산,2026,08,승용,일반형,국산,4500CC미만,38
부산,2026,08,승용,일반형,국산,5000CC미만,243
부산,2026,08,승용,일반형,국산,5000CC이상,1172
부산,2026,08,승용,일반형,국산,800CC미만,1866
부산,2026,08,승용,일반형,국산,저속전기,1
부산,2026,08,승용,일반형,국산,전기,7404
부산,2026,08,승용,일반형,외산,1000CC미만,71
부산,2026,08,승용,일반형,외산,1500CC미만,9556
부산,2026,08,승용,일반형,외산,2000CC미만,104746
부산,2026,08,승용,일반형,외산,2500CC미만,18431
부산,2026,08,승용,일반형,외산,3000CC미만,31662
부산,2026,08,승용,일반형,외산,3500CC미만,6040
부산,2026,08,승용,일반형,외산,4000CC미만,7151
부산,2026,08,승용,일반형,외산,4500CC미만,1496
부산,2026,08,승용,일반형,외산,5000CC미만,949
부산,2026,08,승용,일반형,외산,5000CC이상,1704
부산,2026,08,승용,일반형,외산,800CC미만,108
부산,2026,08,승용,일반형,외산,저속전기,0
부산,2026,08,승용,일반형,외산,전기,14104
부산,2026,08,승합,일반형,계,15인 이하,23536
부산,2026,08,승합,일반형,계,25인 이하,683
부산,2026,08,승합,일반형,계,35인 이하,442
부산,2026,08,승합,일반형,계,50인 이하,1040
부산,2026,08,승합,일반형,계,51인 이상,31
부산,2026,08,특수,견인차,화물특수용도형(기타),10톤 미만,55
부산,2026,08,특수,견인차,화물특수용도형(기타),10톤 이상,8239
부산,2026,08,특수,견인차,화물특수용도형(기타),5톤 이하,12
부산,2026,08,특수,구난차,화물특수용도형(기타),10톤 미만,10
부산,2026,08,특수,구난차,화물특수용도형(기타),10톤 이상,12
부산,2026,08,특수,구난차,화물특수용도형(기타),5톤 이하,371
부산,2026,08,화물,덤프형,계,12톤 미만,147
부산,2026,08,화물,덤프형,계,12톤 이상,15
부산,2026,08,화물,덤프형,계,1톤 이하,457
부산,2026,08,화물,덤프형,계,5톤 미만,277
부산,2026,08,화물,밴형,계,1톤 이하,18615
부산,2026,08,화물,밴형,계,5톤 미만,227
부산,2026,08,화물,밴형,계,5톤 이상,7
부산,2026,08,화물,용도형,유조차,경유),320
부산,2026,08,화물,용도형,유조차,유조차(기타),38
부산,2026,08,화물,용도형,유조차,유조차(방카C유),2
부산,2026,08,화물,용도형,유조차,유조차(항공유),11
부산,2026,08,화물,용도형,유조차,유조차(휘발유),2
부산,2026,08,화물,용도형,탱크로리,음료),2
부산,2026,08,화물,용도형,탱크로리,탱크로리(기타),262
부산,2026,08,화물,용도형,탱크로리,탱크로리(압축가스),21
부산,2026,08,화물,용도형,탱크로리,탱크로리(화공약품),11
부산,2026,08,화물,용도형,피견인차,피견인차(기타),2544
부산,2026,08,화물,용도형,피견인차,피견인차(저상형),509
부산,2026,08,화물,용도형,피견인차,피견인차(적재함형),549
부산,2026,08,화물,용도형,피견인차,피견인차(콘테이너샤시),10372
부산,2026,08,화물,용도형,피견인차,피견인차(평판형),1247
부산,2026,08,화물,일반형,계,10톤 미만,1251
부산,2026,08,화물,일반형,계,12톤 미만,534
부산,2026,08,화물,일반형,계,12톤 이상,4456
부산,2026,08,화물,일반형,계,1톤 이하,80895
부산,2026,08,화물,일반형,계,3톤 이하,8540
부산,2026,08,화물,일반형,계,5톤 미만,5871
부산,2026,08,화물,일반형,계,8톤 미만,3573
서울,2026,08,승용,겸 화물,외산,1500CC미만,12322
서울,2026,08,승용,겸 화물,외산,2000CC미만,7
서울,2026,08,승용,겸 화물,외산,2500CC미만,342
서울,2026,08,승용,겸 화물,외산,3000CC미만,27
서울,2026,08,승용,겸 화물,외산,3500CC미만,6
서울,2026,08,승용,겸 화물,외산,3500CC이상,71
서울,2026,08,승용,겸 화물,외산,저속전기,0
서울,2026,08,승용,겸 화물,외산,전기,162
서울,2026,08,승용,기타형,외산,1500CC미만,24094
서울,2026,08,승용,기타형,외산,2000CC미만,79651
서울,2026,08,승용,기타형,외산,2500CC미만,63222
서울,2026,08,승용,기타형,외산,3000CC미만,2543
서울,2026,08,승용,기타형,외산,3500CC미만,23465
서울,2026,08,승용,기타형,외산,3500CC이상,345
서울,2026,08,승용,기타형,외산,저속전기,47
서울,2026,08,승용,기타형,외산,전기,5399
서울,2026,08,승용,다목적형,외산,1500CC미만,23912
서울,2026,08,승용,다목적형,외산,2000CC미만,475550
서울,2026,08,승용,다목적형,외산,2500CC미만,166267
서울,2026,08,승용,다목적형,외산,3000CC미만,83216
서울,2026,08,승용,다목적형,외산,3500CC미만,14967
서울,2026,08,승용,다목적형,외산,3500CC이상,30972
서울,2026,08,승용,다목적형,외산,저속전기,2
서울,2026,08,승용,다목적형,외산,전기,70971
서울,2026,08,승용,일반형,국산,1000CC미만,149112
서울,2026,08,승용,일반형,국산,1500CC미만,57804
서울,2026,08,승용,일반형,국산,2000CC미만,594280
서울,2026,08,승용,일반형,국산,2500CC미만,190111
서울,2026,08,승용,일반형,국산,3000CC미만,89619
서울,2026,08,승용,일반형,국산,3500CC미만,87565
서울,2026,08,승용,일반형,국산,4000CC미만,30499
서울,2026,08,승용,일반형,국산,4500CC미만,185
서울,2026,08,승용,일반형,국산,5000CC미만,606
서울,2026,08,승용,일반형,국산,5000CC이상,2473
서울,2026,08,승용,일반형,국산,800CC미만,4272
서울,2026,08,승용,일반형,국산,저속전기,3
서울,2026,08,승용,일반형,국산,전기,10899
서울,2026,08,승용,일반형,외산,1000CC미만,515
서울,2026,08,승용,일반형,외산,1500CC미만,23950
서울,2026,08,승용,일반형,외산,2000CC미만,257635
서울,2026,08,승용,일반형,외산,2500CC미만,58025
서울,2026,08,승용,일반형,외산,3000CC미만,58654
서울,2026,08,승용,일반형,외산,3500CC미만,23620
서울,2026,08,승용,일반형,외산,4000CC미만,14187
서울,2026,08,승용,일반형,외산,4500CC미만,3098
서울,2026,08,승용,일반형,외산,5000CC미만,3740
서울,2026,08,승용,일반형,외산,5000CC이상,5257
서울,2026,08,승용,일반형,외산,800CC미만,517
서울,2026,08,승용,일반형,외산,저속전기,0
서울,2026,08,승용,일반형,외산,전기,23308
서울,2026,08,승합,일반형,계,15인 이하,55286
서울,2026,08,승합,일반형,계,25인 이하,1598
서울,2026,08,승합,일반형,계,35인 이하,1085
서울,2026,08,승합,일반형,계,50인 이하,1744
서울,2026,08,승합,일반형,계,51인 이상,61
서울,2026,08,특수,견인차,화물특수용도형(기타),10톤 미만,40
서울,2026,08,특수,견인차,화물특수용도형(기타),10톤 이상,1285
서울,2026,08,특수,견인차,화물특수용도형(기타),5톤 이하,23
서울,2026,08,특수,구난차,화물특수용도형(기타),10톤 미만,16
서울,2026,08,특수,구난차,화물특수용도형(기타),10톤 이상,5
서울,2026,08,특수,구난차,화물특수용도형(기타),5톤 이하,550
서울,2026,08,화물,덤프형,계,12톤 미만,333
서울,2026,08,화물,덤프형,계,12톤 이상,10
서울,2026,08,화물,덤프형,계,1톤 이하,396
서울,2026,08,화물,덤프형,계,5톤 미만,867
서울,2026,08,화물,밴형,계,1톤 이하,46203
서울,2026,08,화물,밴형,계,5톤 미만,456
서울,2026,08,화물,밴형,계,5톤 이상,6
서울,2026,08,화물,용도형,유조차,경유),381
서울,2026,08,화물,용도형,유조차,유조차(기타),43
서울,2026,08,화물,용도형,유조차,유조차(방카C유),0
서울,2026,08,화물,용도형,유조차,유조차(항공유),36
서울,2026,08,화물,용도형,유조차,유조차(휘발유),8
서울,2026,08,화물,용도형,탱크로리,음료),11
서울,2026,08,화물,용도형,탱크로리,탱크로리(기타),623
서울,2026,08,화물,용도형,탱크로리,탱크로리(압축가스),27
서울,2026,08,화물,용도형,탱크로리,탱크로리(화공약품),23
서울,2026,08,화물,용도형,피견인차,피견인차(기타),3198
서울,2026,08,화물,용도형,피견인차,피견인차(저상형),192
서울,2026,08,화물,용도형,피견인차,피견인차(적재함형),988
서울,2026,08,화물,용도형,피견인차,피견인차(콘테이너샤시),462
서울,2026,08,화물,용도형,피견인차,피견인차(평판형),368
서울,2026,08,화물,일반형,계,10톤 미만,1957
서울,2026,08,화물,일반형,계,12톤 미만,646
서울,2026,08,화물,일반형,계,12톤 이상,2860
서울,2026,08,화물,일반형,계,1톤 이하,126573
서울,2026,08,화물,일반형,계,3톤 이하,16091
서울,2026,08,화물,일반형,계,5톤 미만,8225
서울,2026,08,화물,일반형,계,8톤 미만,4079
세종,2026,08,승용,겸 화물,외산,1500CC미만,565
세종,2026,08,승용,겸 화물,외산,2000CC미만,1
세종,2026,08,승용,겸 화물,외산,2500CC미만,4
세종,2026,08,승용,겸 화물,외산,3000CC미만,0
세종,2026,08,승용,겸 화물,외산,3500CC미만,0
세종,2026,08,승용,겸 화물,외산,3500CC이상,0
세종,2026,08,승용,겸 화물,외산,저속전기,0
세종,2026,08,승용,겸 화물,외산,전기,7
세종,2026,08,승용,기타형,외산,1500CC미만,2039
세종,2026,08,승용,기타형,외산,2000CC미만,6941
세종,2026,08,승용,기타형,외산,2500CC미만,4509
세종,2026,08,승용,기타형,외산,3000CC미만,57
세종,2026,08,승용,기타형,외산,3500CC미만,1139
세종,2026,08,승용,기타형,외산,3500CC이상,18
세종,2026,08,승용,기타형,외산,저속전기,5
세종,2026,08,승용,기타형,외산,전기,401
세종,2026,08,승용,다목적형,외산,1500CC미만,2007
세종,2026,08,승용,다목적형,외산,2000CC미만,35135
세종,2026,08,승용,다목적형,외산,2500CC미만,10515
세종,2026,08,승용,다목적형,외산,3000CC미만,3339
세종,2026,08,승용,다목적형,외산,3500CC미만,455
세종,2026,08,승용,다목적형,외산,3500CC이상,1597
세종,2026,08,승용,다목적형,외산,저속전기,0
세종,2026,08,승용,다목적형,외산,전기,6085
세종,2026,08,승용,일반형,국산,1000CC미만,15577
세종,2026,08,승용,일반형,국산,1500CC미만,3407
세종,2026,08,승용,일반형,국산,2000CC미만,45158
세종,2026,08,승용,일반형,국산,2500CC미만,13761
세종,2026,08,승용,일반형,국산,3000CC미만,5261
세종,2026,08,승용,일반형,국산,3500CC미만,3658
세종,2026,08,승용,일반형,국산,4000CC미만,1225
세종,2026,08,승용,일반형,국산,4500CC미만,4
세종,2026,08,승용,일반형,국산,5000CC미만,20
세종,2026,08,승용,일반형,국산,5000CC이상,98
세종,2026,08,승용,일반형,국산,800CC미만,152
세종,2026,08,승용,일반형,국산,저속전기,0
세종,2026,08,승용,일반형,국산,전기,1158
세종,2026,08,승용,일반형,외산,1000CC미만,11
세종,2026,08,승용,일반형,외산,1500CC미만,1851
세종,2026,08,승용,일반형,외산,2000CC미만,11145
세종,2026,08,승용,일반형,외산,2500CC미만,2588
세종,2026,08,승용,일반형,외산,3000CC미만,1597
세종,2026,08,승용,일반형,외산,3500CC미만,519
세종,2026,08,승용,일반형,외산,4000CC미만,349
세종,2026,08,승용,일반형,외산,4500CC미만,75
세종,2026,08,승용,일반형,외산,5000CC미만,53
세종,2026,08,승용,일반형,외산,5000CC이상,76
세종,2026,08,승용,일반형,외산,800CC미만,23
세종,2026,08,승용,일반형,외산,저속전기,0
세종,2026,08,승용,일반형,외산,전기,1518
세종,2026,08,승합,일반형,계,15인 이하,2362
세종,2026,08,승합,일반형,계,25인 이하,96
세종,2026,08,승합,일반형,계,35인 이하,58
세종,2026,08,승합,일반형,계,50인 이하,92
세종,2026,08,승합,일반형,계,51인 이상,2
세종,2026,08,특수,견인차,화물특수용도형(기타),10톤 미만,0
세종,2026,08,특수,견인차,화물특수용도형(기타),10톤 이상,120
세종,2026,08,특수,견인차,화물특수용도형(기타),5톤 이하,1
세종,2026,08,특수,구난차,화물특수용도형(기타),10톤 미만,3
세종,2026,08,특수,구난차,화물특수용도형(기타),10톤 이상,0
세종,2026,08,특수,구난차,화물특수용도형(기타),5톤 이하,43
세종,2026,08,화물,덤프형,계,12톤 미만,67
세종,2026,08,화물,덤프형,계,12톤 이상,1
세종,2026,08,화물,덤프형,계,1톤 이하,199
세종,2026,08,화물,덤프형,계,5톤 미만,44
세종,2026,08,화물,밴형,계,1톤 이하,1256
세종,2026,08,화물,밴형,계,5톤 미만,32
세종,2026,08,화물,밴형,계,5톤 이상,1
세종,2026,08,화물,용도형,유조차,경유),33
세종,2026,08,화물,용도형,유조차,유조차(기타),6
세종,2026,08,화물,용도형,유조차,유조차(방카C유),0
세종,2026,08,화물,용도형,유조차,유조차(항공유),0
세종,2026,08,화물,용도형,유조차,유조차(휘발유),0
세종,2026,08,화물,용도형,탱크로리,음료),13
세종,2026,08,화물,용도형,탱크로리,탱크로리(기타),96
세종,2026,08,화물,용도형,탱크로리,탱크로리(압축가스),5
세종,2026,08,화물,용도형,탱크로리,탱크로리(화공약품),4
세종,2026,08,화물,용도형,피견인차,피견인차(기타),355
세종,2026,08,화물,용도형,피견인차,피견인차(저상형),15
세종,2026,08,화물,용도형,피견인차,피견인차(적재함형),287
세종,2026,08,화물,용도형,피견인차,피견인차(콘테이너샤시),67
세종,2026,08,화물,용도형,피견인차,피견인차(평판형),28
세종,2026,08,화물,일반형,계,10톤 미만,112
세종,2026,08,화물,일반형,계,12톤 미만,25
세종,2026,08,화물,일반형,계,12톤 이상,251
세종,2026,08,화물,일반형,계,1톤 이하,7441
세종,2026,08,화물,일반형,계,3톤 이하,613
세종,2026,08,화물,일반형,계,5톤 미만,521
세종,2026,08,화물,일반형,계,8톤 미만,509
울산,2026,08,승용,겸 화물,외산,1500CC미만,1671
울산,2026,08,승용,겸 화물,외산,2000CC미만,0
울산,2026,08,승용,겸 화물,외산,2500CC미만,39
울산,2026,08,승용,겸 화물,외산,3000CC미만,2
울산,2026,08,승용,겸 화물,외산,3500CC미만,0
울산,2026,08,승용,겸 화물,외산,3500CC이상,6
울산,2026,08,승용,겸 화물,외산,저속전기,0
울산,2026,08,승용,겸 화물,외산,전기,36
울산,2026,08,승용,기타형,외산,1500CC미만,4681
울산,2026,08,승용,기타형,외산,2000CC미만,13993
울산,2026,08,승용,기타형,외산,2500CC미만,9391
울산,2026,08,승용,기타형,외산,3000CC미만,228
울산,2026,08,승용,기타형,외산,3500CC미만,2438
울산,2026,08,승용,기타형,외산,3500CC이상,24
울산,2026,08,승용,기타형,외산,저속전기,7
울산,2026,08,승용,기타형,외산,전기,727
울산,2026,08,승용,다목적형,외산,1500CC미만,3345
울산,2026,08,승용,다목적형,외산,2000CC미만,111365
울산,2026,08,승용,다목적형,외산,2500CC미만,41634
울산,2026,08,승용,다목적형,외산,3000CC미만,10629
울산,2026,08,승용,다목적형,외산,3500CC미만,1526
울산,2026,08,승용,다목적형,외산,3500CC이상,4242
울산,2026,08,승용,다목적형,외산,저속전기,0
울산,2026,08,승용,다목적형,외산,전기,12282
울산,2026,08,승용,일반형,국산,1000CC미만,58399
울산,2026,08,승용,일반형,국산,1500CC미만,9387
울산,2026,08,승용,일반형,국산,2000CC미만,124403
울산,2026,08,승용,일반형,국산,2500CC미만,36300
울산,2026,08,승용,일반형,국산,3000CC미만,18846
울산,2026,08,승용,일반형,국산,3500CC미만,15443
울산,2026,08,승용,일반형,국산,4000CC미만,5681
울산,2026,08,승용,일반형,국산,4500CC미만,19
울산,2026,08,승용,일반형,국산,5000CC미만,119
울산,2026,08,승용,일반형,국산,5000CC이상,495
울산,2026,08,승용,일반형,국산,800CC미만,787
울산,2026,08,승용,일반형,국산,저속전기,0
울산,2026,08,승용,일반형,국산,전기,2538
울산,2026,08,승용,일반형,외산,1000CC미만,41
울산,2026,08,승용,일반형,외산,1500CC미만,2768
울산,2026,08,승용,일반형,외산,2000CC미만,18226
울산,2026,08,승용,일반형,외산,2500CC미만,3606
울산,2026,08,승용,일반형,외산,3000CC미만,3633
울산,2026,08,승용,일반형,외산,3500CC미만,1196
울산,2026,08,승용,일반형,외산,4000CC미만,846
울산,2026,08,승용,일반형,외산,4500CC미만,187
울산,2026,08,승용,일반형,외산,5000CC미만,199
울산,2026,08,승용,일반형,외산,5000CC이상,267
울산,2026,08,승용,일반형,외산,800CC미만,32
울산,2026,08,승용,일반형,외산,저속전기,0
울산,2026,08,승용,일반형,외산,전기,1665
울산,2026,08,승합,일반형,계,15인 이하,8137
울산,2026,08,승합,일반형,계,25인 이하,438
울산,2026,08,승합,일반형,계,35인 이하,223
울산,2026,08,승합,일반형,계,50인 이하,403
울산,2026,08,승합,일반형,계,51인 이상,15
울산,2026,08,특수,견인차,화물특수용도형(기타),10톤 미만,13
울산,2026,08,특수,견인차,화물특수용도형(기타),10톤 이상,1626
울산,2026,08,특수,견인차,화물특수용도형(기타),5톤 이하,2
울산,2026,08,특수,구난차,화물특수용도형(기타),10톤 미만,5
울산,2026,08,특수,구난차,화물특수용도형(기타),10톤 이상,8
울산,2026,08,특수,구난차,화물특수용도형(기타),5톤 이하,185
울산,2026,08,화물,덤프형,계,12톤 미만,61
울산,2026,08,화물,덤프형,계,12톤 이상,8
울산,2026,08,화물,덤프형,계,1톤 이하,781
울산,2026,08,화물,덤프형,계,5톤 미만,169
울산,2026,08,화물,밴형,계,1톤 이하,6542
울산,2026,08,화물,밴형,계,5톤 미만,83
울산,2026,08,화물,밴형,계,5톤 이상,4
울산,2026,08,화물,용도형,유조차,경유),280
울산,2026,08,화물,용도형,유조차,유조차(기타),29
울산,2026,08,화물,용도형,유조차,유조차(방카C유),3
울산,2026,08,화물,용도형,유조차,유조차(항공유),12
울산,2026,08,화물,용도형,유조차,유조차(휘발유),2
울산,2026,08,화물,용도형,탱크로리,음료),3
울산,2026,08,화물,용도형,탱크로리,탱크로리(기타),300
울산,2026,08,화물,용도형,탱크로리,탱크로리(압축가스),20
울산,2026,08,화물,용도형,탱크로리,탱크로리(화공약품),35
울산,2026,08,화물,용도형,피견인차,피견인차(기타),1889
울산,2026,08,화물,용도형,피견인차,피견인차(저상형),229
울산,2026,08,화물,용도형,피견인차,피견인차(적재함형),377
울산,2026,08,화물,용도형,피견인차,피견인차(콘테이너샤시),1955
울산,2026,08,화물,용도형,피견인차,피견인차(평판형),690
울산,2026,08,화물,일반형,계,10톤 미만,521
울산,2026,08,화물,일반형,계,12톤 미만,192
울산,2026,08,화물,일반형,계,12톤 이상,2589
울산,2026,08,화물,일반형,계,1톤 이하,36104
울산,2026,08,화물,일반형,계,3톤 이하,2018
울산,2026,08,화물,일반형,계,5톤 미만,1817
울산,2026,08,화물,일반형,계,8톤 미만,1701
인천,2026,08,승용,겸 화물,외산,1500CC미만,8564
인천,2026,08,승용,겸 화물,외산,2000CC미만,0
인천,2026,08,승용,겸 화물,외산,2500CC미만,127
인천,2026,08,승용,겸 화물,외산,3000CC미만,9
인천,2026,08,승용,겸 화물,외산,3500CC미만,2
인천,2026,08,승용,겸 화물,외산,3500CC이상,17
인천,2026,08,승용,겸 화물,외산,저속전기,0
인천,2026,08,승용,겸 화물,외산,전기,969
인천,2026,08,승용,기타형,외산,1500CC미만,19602
인천,2026,08,승용,기타형,외산,2000CC미만,59241
인천,2026,08,승용,기타형,외산,2500CC미만,41188
인천,2026,08,승용,기타형,외산,3000CC미만,857
인천,2026,08,승용,기타형,외산,3500CC미만,12535
인천,2026,08,승용,기타형,외산,3500CC이상,91
인천,2026,08,승용,기타형,외산,저속전기,32
인천,2026,08,승용,기타형,외산,전기,4665
인천,2026,08,승용,다목적형,외산,1500CC미만,19419
인천,2026,08,승용,다목적형,외산,2000CC미만,279870
인천,2026,08,승용,다목적형,외산,2500CC미만,92655
인천,2026,08,승용,다목적형,외산,3000CC미만,47597
인천,2026,08,승용,다목적형,외산,3500CC미만,5677
인천,2026,08,승용,다목적형,외산,3500CC이상,16061
인천,2026,08,승용,다목적형,외산,저속전기,0
인천,2026,08,승용,다목적형,외산,전기,59625
인천,2026,08,승용,일반형,국산,1000CC미만,131381
인천,2026,08,승용,일반형,국산,1500CC미만,27736
인천,2026,08,승용,일반형,국산,2000CC미만,310702
인천,2026,08,승용,일반형,국산,2500CC미만,90245
인천,2026,08,승용,일반형,국산,3000CC미만,31232
인천,2026,08,승용,일반형,국산,3500CC미만,36843
인천,2026,08,승용,일반형,국산,4000CC미만,11493
인천,2026,08,승용,일반형,국산,4500CC미만,42
인천,2026,08,승용,일반형,국산,5000CC미만,190
인천,2026,08,승용,일반형,국산,5000CC이상,962
인천,2026,08,승용,일반형,국산,800CC미만,2243
인천,2026,08,승용,일반형,국산,저속전기,2
인천,2026,08,승용,일반형,국산,전기,12272
인천,2026,08,승용,일반형,외산,1000CC미만,111
인천,2026,08,승용,일반형,외산,1500CC미만,10956
인천,2026,08,승용,일반형,외산,2000CC미만,105338
인천,2026,08,승용,일반형,외산,2500CC미만,15830
인천,2026,08,승용,일반형,외산,3000CC미만,29955
인천,2026,08,승용,일반형,외산,3500CC미만,3864
인천,2026,08,승용,일반형,외산,4000CC미만,6560
인천,2026,08,승용,일반형,외산,4500CC미만,1424
인천,2026,08,승용,일반형,외산,5000CC미만,768
인천,2026,08,승용,일반형,외산,5000CC이상,1425
인천,2026,08,승용,일반형,외산,800CC미만,143
인천,2026,08,승용,일반형,외산,저속전기,0
인천,2026,08,승용,일반형,외산,전기,15796
인천,2026,08,승합,일반형,계,15인 이하,25142
인천,2026,08,승합,일반형,계,25인 이하,747
인천,2026,08,승합,일반형,계,35인 이하,491
인천,2026,08,승합,일반형,계,50인 이하,801
인천,2026,08,승합,일반형,계,51인 이상,46
인천,2026,08,특수,견인차,화물특수용도형(기타),10톤 미만,26
인천,2026,08,특수,견인차,화물특수용도형(기타),10톤 이상,3954
인천,2026,08,특수,견인차,화물특수용도형(기타),5톤 이하,11
인천,2026,08,특수,구난차,화물특수용도형(기타),10톤 미만,7
인천,2026,08,특수,구난차,화물특수용도형(기타),10톤 이상,24
인천,2026,08,특수,구난차,화물특수용도형(기타),5톤 이하,399
인천,2026,08,화물,덤프형,계,12톤 미만,103
인천,2026,08,화물,덤프형,계,12톤 이상,10
인천,2026,08,화물,덤프형,계,1톤 이하,304
인천,2026,08,화물,덤프형,계,5톤 미만,486
인천,2026,08,화물,밴형,계,1톤 이하,25600
인천,2026,08,화물,밴형,계,5톤 미만,274
인천,2026,08,화물,밴형,계,5톤 이상,3
인천,2026,08,화물,용도형,유조차,경유),685
인천,2026,08,화물,용도형,유조차,유조차(기타),86
인천,2026,08,화물,용도형,유조차,유조차(방카C유),5
인천,2026,08,화물,용도형,유조차,유조차(항공유),22
인천,2026,08,화물,용도형,유조차,유조차(휘발유),18
인천,2026,08,화물,용도형,탱크로리,음료),13
인천,2026,08,화물,용도형,탱크로리,탱크로리(기타),541
인천,2026,08,화물,용도형,탱크로리,탱크로리(압축가스),64
인천,2026,08,화물,용도형,탱크로리,탱크로리(화공약품),68
인천,2026,08,화물,용도형,피견인차,피견인차(기타),3701
인천,2026,08,화물,용도형,피견인차,피견인차(저상형),378
인천,2026,08,화물,용도형,피견인차,피견인차(적재함형),969
인천,2026,08,화물,용도형,피견인차,피견인차(콘테이너샤시),6882
인천,2026,08,화물,용도형,피견인차,피견인차(평판형),949
인천,2026,08,화물,일반형,계,10톤 미만,985
인천,2026,08,화물,일반형,계,12톤 미만,335
인천,2026,08,화물,일반형,계,12톤 이상,3638
인천,2026,08,화물,일반형,계,1톤 이하,85131
인천,2026,08,화물,일반형,계,3톤 이하,9195
인천,2026,08,화물,일반형,계,5톤 미만,5540
인천,2026,08,화물,일반형,계,8톤 미만,2228
전남광주,2026,08,승용,겸 화물,외산,1500CC미만,12861
전남광주,2026,08,승용,겸 화물,외산,2000CC미만,7
전남광주,2026,08,승용,겸 화물,외산,2500CC미만,279
전남광주,2026,08,승용,겸 화물,외산,3000CC미만,29
전남광주,2026,08,승용,겸 화물,외산,3500CC미만,6
전남광주,2026,08,승용,겸 화물,외산,3500CC이상,33
전남광주,2026,08,승용,겸 화물,외산,저속전기,0
전남광주,2026,08,승용,겸 화물,외산,전기,232
전남광주,2026,08,승용,기타형,외산,1500CC미만,21036
전남광주,2026,08,승용,기타형,외산,2000CC미만,65364
전남광주,2026,08,승용,기타형,외산,2500CC미만,47996
전남광주,2026,08,승용,기타형,외산,3000CC미만,766
전남광주,2026,08,승용,기타형,외산,3500CC미만,10355
전남광주,2026,08,승용,기타형,외산,3500CC이상,116
전남광주,2026,08,승용,기타형,외산,저속전기,35
전남광주,2026,08,승용,기타형,외산,전기,4523
전남광주,2026,08,승용,다목적형,외산,1500CC미만,10524
전남광주,2026,08,승용,다목적형,외산,2000CC미만,331897
전남광주,2026,08,승용,다목적형,외산,2500CC미만,99776
전남광주,2026,08,승용,다목적형,외산,3000CC미만,36859
전남광주,2026,08,승용,다목적형,외산,3500CC미만,4438
전남광주,2026,08,승용,다목적형,외산,3500CC이상,9740
전남광주,2026,08,승용,다목적형,외산,저속전기,0
전남광주,2026,08,승용,다목적형,외산,전기,44030
전남광주,2026,08,승용,일반형,국산,1000CC미만,122225
전남광주,2026,08,승용,일반형,국산,1500CC미만,26384
전남광주,2026,08,승용,일반형,국산,2000CC미만,424625
전남광주,2026,08,승용,일반형,국산,2500CC미만,121897
전남광주,2026,08,승용,일반형,국산,3000CC미만,62139
전남광주,2026,08,승용,일반형,국산,3500CC미만,48875
전남광주,2026,08,승용,일반형,국산,4000CC미만,16925
전남광주,2026,08,승용,일반형,국산,4500CC미만,49
전남광주,2026,08,승용,일반형,국산,5000CC미만,284
전남광주,2026,08,승용,일반형,국산,5000CC이상,1163
전남광주,2026,08,승용,일반형,국산,800CC미만,2227
전남광주,2026,08,승용,일반형,국산,저속전기,2
전남광주,2026,08,승용,일반형,국산,전기,10890
전남광주,2026,08,승용,일반형,외산,1000CC미만,53
전남광주,2026,08,승용,일반형,외산,1500CC미만,8874
전남광주,2026,08,승용,일반형,외산,2000CC미만,64154
전남광주,2026,08,승용,일반형,외산,2500CC미만,14880
전남광주,2026,08,승용,일반형,외산,3000CC미만,16116
전남광주,2026,08,승용,일반형,외산,3500CC미만,4066
전남광주,2026,08,승용,일반형,외산,4000CC미만,3244
전남광주,2026,08,승용,일반형,외산,4500CC미만,880
전남광주,2026,08,승용,일반형,외산,5000CC미만,889
전남광주,2026,08,승용,일반형,외산,5000CC이상,928
전남광주,2026,08,승용,일반형,외산,800CC미만,55
전남광주,2026,08,승용,일반형,외산,저속전기,0
전남광주,2026,08,승용,일반형,외산,전기,5932
전남광주,2026,08,승합,일반형,계,15인 이하,34084
전남광주,2026,08,승합,일반형,계,25인 이하,1436
전남광주,2026,08,승합,일반형,계,35인 이하,932
전남광주,2026,08,승합,일반형,계,50인 이하,1069
전남광주,2026,08,승합,일반형,계,51인 이상,19
전남광주,2026,08,특수,견인차,화물특수용도형(기타),10톤 미만,48
전남광주,2026,08,특수,견인차,화물특수용도형(기타),10톤 이상,5214
전남광주,2026,08,특수,견인차,화물특수용도형(기타),5톤 이하,36
전남광주,2026,08,특수,구난차,화물특수용도형(기타),10톤 미만,20
전남광주,2026,08,특수,구난차,화물특수용도형(기타),10톤 이상,34
전남광주,2026,08,특수,구난차,화물특수용도형(기타),5톤 이하,822
전남광주,2026,08,화물,덤프형,계,12톤 미만,669
전남광주,2026,08,화물,덤프형,계,12톤 이상,31
전남광주,2026,08,화물,덤프형,계,1톤 이하,3588
전남광주,2026,08,화물,덤프형,계,5톤 미만,1402
전남광주,2026,08,화물,밴형,계,1톤 이하,21257
전남광주,2026,08,화물,밴형,계,5톤 미만,474
전남광주,2026,08,화물,밴형,계,5톤 이상,11
전남광주,2026,08,화물,용도형,유조차,경유),1012
전남광주,2026,08,화물,용도형,유조차,유조차(기타),105
전남광주,2026,08,화물,용도형,유조차,유조차(방카C유),5
전남광주,2026,08,화물,용도형,유조차,유조차(항공유),13
전남광주,2026,08,화물,용도형,유조차,유조차(휘발유),7
전남광주,2026,08,화물,용도형,탱크로리,음료),25
전남광주,2026,08,화물,용도형,탱크로리,탱크로리(기타),858
전남광주,2026,08,화물,용도형,탱크로리,탱크로리(압축가스),81
전남광주,2026,08,화물,용도형,탱크로리,탱크로리(화공약품),48
전남광주,2026,08,화물,용도형,피견인차,피견인차(기타),5364
전남광주,2026,08,화물,용도형,피견인차,피견인차(저상형),478
전남광주,2026,08,화물,용도형,피견인차,피견인차(적재함형),1320
전남광주,2026,08,화물,용도형,피견인차,피견인차(콘테이너샤시),4035
전남광주,2026,08,화물,용도형,피견인차,피견인차(평판형),1724
전남광주,2026,08,화물,일반형,계,10톤 미만,2995
전남광주,2026,08,화물,일반형,계,12톤 미만,711
전남광주,2026,08,화물,일반형,계,12톤 이상,7094
전남광주,2026,08,화물,일반형,계,1톤 이하,189677
전남광주,2026,08,화물,일반형,계,3톤 이하,11308
전남광주,2026,08,화물,일반형,계,5톤 미만,10978
전남광주,2026,08,화물,일반형,계,8톤 미만,7695
전북,2026,08,승용,겸 화물,외산,1500CC미만,2541
전북,2026,08,승용,겸 화물,외산,2000CC미만,3
전북,2026,08,승용,겸 화물,외산,2500CC미만,148
전북,2026,08,승용,겸 화물,외산,3000CC미만,18
전북,2026,08,승용,겸 화물,외산,3500CC미만,2
전북,2026,08,승용,겸 화물,외산,3500CC이상,14
전북,2026,08,승용,겸 화물,외산,저속전기,0
전북,2026,08,승용,겸 화물,외산,전기,70
전북,2026,08,승용,기타형,외산,1500CC미만,9710
전북,2026,08,승용,기타형,외산,2000CC미만,27667
전북,2026,08,승용,기타형,외산,2500CC미만,21083
전북,2026,08,승용,기타형,외산,3000CC미만,436
전북,2026,08,승용,기타형,외산,3500CC미만,3964
전북,2026,08,승용,기타형,외산,3500CC이상,72
전북,2026,08,승용,기타형,외산,저속전기,4
전북,2026,08,승용,기타형,외산,전기,2000
전북,2026,08,승용,다목적형,외산,1500CC미만,6181
전북,2026,08,승용,다목적형,외산,2000CC미만,161010
전북,2026,08,승용,다목적형,외산,2500CC미만,48051
전북,2026,08,승용,다목적형,외산,3000CC미만,17438
전북,2026,08,승용,다목적형,외산,3500CC미만,1719
전북,2026,08,승용,다목적형,외산,3500CC이상,4887
전북,2026,08,승용,다목적형,외산,저속전기,0
전북,2026,08,승용,다목적형,외산,전기,19516
전북,2026,08,승용,일반형,국산,1000CC미만,59786
전북,2026,08,승용,일반형,국산,1500CC미만,16657
전북,2026,08,승용,일반형,국산,2000CC미만,205451
전북,2026,08,승용,일반형,국산,2500CC미만,52459
전북,2026,08,승용,일반형,국산,3000CC미만,29825
전북,2026,08,승용,일반형,국산,3500CC미만,19272
전북,2026,08,승용,일반형,국산,4000CC미만,8335
전북,2026,08,승용,일반형,국산,4500CC미만,23
전북,2026,08,승용,일반형,국산,5000CC미만,154
전북,2026,08,승용,일반형,국산,5000CC이상,652
전북,2026,08,승용,일반형,국산,800CC미만,1345
전북,2026,08,승용,일반형,국산,저속전기,0
전북,2026,08,승용,일반형,국산,전기,4571
전북,2026,08,승용,일반형,외산,1000CC미만,27
전북,2026,08,승용,일반형,외산,1500CC미만,4523
전북,2026,08,승용,일반형,외산,2000CC미만,31986
전북,2026,08,승용,일반형,외산,2500CC미만,6913
전북,2026,08,승용,일반형,외산,3000CC미만,7577
전북,2026,08,승용,일반형,외산,3500CC미만,1940
전북,2026,08,승용,일반형,외산,4000CC미만,1632
전북,2026,08,승용,일반형,외산,4500CC미만,390
전북,2026,08,승용,일반형,외산,5000CC미만,419
전북,2026,08,승용,일반형,외산,5000CC이상,539
전북,2026,08,승용,일반형,외산,800CC미만,42
전북,2026,08,승용,일반형,외산,저속전기,0
전북,2026,08,승용,일반형,외산,전기,2802
전북,2026,08,승합,일반형,계,15인 이하,18849
전북,2026,08,승합,일반형,계,25인 이하,817
전북,2026,08,승합,일반형,계,35인 이하,510
전북,2026,08,승합,일반형,계,50인 이하,620
전북,2026,08,승합,일반형,계,51인 이상,14
전북,2026,08,특수,견인차,화물특수용도형(기타),10톤 미만,17
전북,2026,08,특수,견인차,화물특수용도형(기타),10톤 이상,1494
전북,2026,08,특수,견인차,화물특수용도형(기타),5톤 이하,10
전북,2026,08,특수,구난차,화물특수용도형(기타),10톤 미만,10
전북,2026,08,특수,구난차,화물특수용도형(기타),10톤 이상,19
전북,2026,08,특수,구난차,화물특수용도형(기타),5톤 이하,495
전북,2026,08,화물,덤프형,계,12톤 미만,484
전북,2026,08,화물,덤프형,계,12톤 이상,23
전북,2026,08,화물,덤프형,계,1톤 이하,2413
전북,2026,08,화물,덤프형,계,5톤 미만,923
전북,2026,08,화물,밴형,계,1톤 이하,11809
전북,2026,08,화물,밴형,계,5톤 미만,294
전북,2026,08,화물,밴형,계,5톤 이상,12
전북,2026,08,화물,용도형,유조차,경유),580
전북,2026,08,화물,용도형,유조차,유조차(기타),82
전북,2026,08,화물,용도형,유조차,유조차(방카C유),3
전북,2026,08,화물,용도형,유조차,유조차(항공유),8
전북,2026,08,화물,용도형,유조차,유조차(휘발유),9
전북,2026,08,화물,용도형,탱크로리,음료),26
전북,2026,08,화물,용도형,탱크로리,탱크로리(기타),673
전북,2026,08,화물,용도형,탱크로리,탱크로리(압축가스),62
전북,2026,08,화물,용도형,탱크로리,탱크로리(화공약품),34
전북,2026,08,화물,용도형,피견인차,피견인차(기타),2558
전북,2026,08,화물,용도형,피견인차,피견인차(저상형),255
전북,2026,08,화물,용도형,피견인차,피견인차(적재함형),658
전북,2026,08,화물,용도형,피견인차,피견인차(콘테이너샤시),1094
전북,2026,08,화물,용도형,피견인차,피견인차(평판형),471
전북,2026,08,화물,일반형,계,10톤 미만,1496
전북,2026,08,화물,일반형,계,12톤 미만,451
전북,2026,08,화물,일반형,계,12톤 이상,3936
전북,2026,08,화물,일반형,계,1톤 이하,102636
전북,2026,08,화물,일반형,계,3톤 이하,6548
전북,2026,08,화물,일반형,계,5톤 미만,6196
전북,2026,08,화물,일반형,계,8톤 미만,4289
제주,2026,08,승용,겸 화물,외산,1500CC미만,7580
제주,2026,08,승용,겸 화물,외산,2000CC미만,0
제주,2026,08,승용,겸 화물,외산,2500CC미만,83
제주,2026,08,승용,겸 화물,외산,3000CC미만,3
제주,2026,08,승용,겸 화물,외산,3500CC미만,2
제주,2026,08,승용,겸 화물,외산,3500CC이상,16
제주,2026,08,승용,겸 화물,외산,저속전기,0
제주,2026,08,승용,겸 화물,외산,전기,1633
제주,2026,08,승용,기타형,외산,1500CC미만,5109
제주,2026,08,승용,기타형,외산,2000CC미만,28587
제주,2026,08,승용,기타형,외산,2500CC미만,17791
제주,2026,08,승용,기타형,외산,3000CC미만,193
제주,2026,08,승용,기타형,외산,3500CC미만,8374
제주,2026,08,승용,기타형,외산,3500CC이상,37
제주,2026,08,승용,기타형,외산,저속전기,33
제주,2026,08,승용,기타형,외산,전기,4052
제주,2026,08,승용,다목적형,외산,1500CC미만,3825
제주,2026,08,승용,다목적형,외산,2000CC미만,119455
제주,2026,08,승용,다목적형,외산,2500CC미만,52924
제주,2026,08,승용,다목적형,외산,3000CC미만,14931
제주,2026,08,승용,다목적형,외산,3500CC미만,3654
제주,2026,08,승용,다목적형,외산,3500CC이상,5094
제주,2026,08,승용,다목적형,외산,저속전기,0
제주,2026,08,승용,다목적형,외산,전기,37050
제주,2026,08,승용,일반형,국산,1000CC미만,52583
제주,2026,08,승용,일반형,국산,1500CC미만,8752
제주,2026,08,승용,일반형,국산,2000CC미만,123436
제주,2026,08,승용,일반형,국산,2500CC미만,46497
제주,2026,08,승용,일반형,국산,3000CC미만,6662
제주,2026,08,승용,일반형,국산,3500CC미만,20162
제주,2026,08,승용,일반형,국산,4000CC미만,4022
제주,2026,08,승용,일반형,국산,4500CC미만,16
제주,2026,08,승용,일반형,국산,5000CC미만,52
제주,2026,08,승용,일반형,국산,5000CC이상,221
제주,2026,08,승용,일반형,국산,800CC미만,826
제주,2026,08,승용,일반형,국산,저속전기,0
제주,2026,08,승용,일반형,국산,전기,17385
제주,2026,08,승용,일반형,외산,1000CC미만,31
제주,2026,08,승용,일반형,외산,1500CC미만,2765
제주,2026,08,승용,일반형,외산,2000CC미만,15537
제주,2026,08,승용,일반형,외산,2500CC미만,2143
제주,2026,08,승용,일반형,외산,3000CC미만,3500
제주,2026,08,승용,일반형,외산,3500CC미만,758
제주,2026,08,승용,일반형,외산,4000CC미만,943
제주,2026,08,승용,일반형,외산,4500CC미만,177
제주,2026,08,승용,일반형,외산,5000CC미만,157
제주,2026,08,승용,일반형,외산,5000CC이상,315
제주,2026,08,승용,일반형,외산,800CC미만,56
제주,2026,08,승용,일반형,외산,저속전기,0
제주,2026,08,승용,일반형,외산,전기,3658
제주,2026,08,승합,일반형,계,15인 이하,10829
제주,2026,08,승합,일반형,계,25인 이하,310
제주,2026,08,승합,일반형,계,35인 이하,241
제주,2026,08,승합,일반형,계,50인 이하,228
제주,2026,08,승합,일반형,계,51인 이상,5
제주,2026,08,특수,견인차,화물특수용도형(기타),10톤 미만,1
제주,2026,08,특수,견인차,화물특수용도형(기타),10톤 이상,121
제주,2026,08,특수,견인차,화물특수용도형(기타),5톤 이하,0
제주,2026,08,특수,구난차,화물특수용도형(기타),10톤 미만,10
제주,2026,08,특수,구난차,화물특수용도형(기타),10톤 이상,10
제주,2026,08,특수,구난차,화물특수용도형(기타),5톤 이하,205
제주,2026,08,화물,덤프형,계,12톤 미만,314
제주,2026,08,화물,덤프형,계,12톤 이상,6
제주,2026,08,화물,덤프형,계,1톤 이하,937
제주,2026,08,화물,덤프형,계,5톤 미만,311
제주,2026,08,화물,밴형,계,1톤 이하,12675
제주,2026,08,화물,밴형,계,5톤 미만,106
제주,2026,08,화물,밴형,계,5톤 이상,2
제주,2026,08,화물,용도형,유조차,경유),144
제주,2026,08,화물,용도형,유조차,유조차(기타),23
제주,2026,08,화물,용도형,유조차,유조차(방카C유),0
제주,2026,08,화물,용도형,유조차,유조차(항공유),9
제주,2026,08,화물,용도형,유조차,유조차(휘발유),1
제주,2026,08,화물,용도형,탱크로리,음료),4
제주,2026,08,화물,용도형,탱크로리,탱크로리(기타),249
제주,2026,08,화물,용도형,탱크로리,탱크로리(압축가스),58
제주,2026,08,화물,용도형,탱크로리,탱크로리(화공약품),1
제주,2026,08,화물,용도형,피견인차,피견인차(기타),450
제주,2026,08,화물,용도형,피견인차,피견인차(저상형),43
제주,2026,08,화물,용도형,피견인차,피견인차(적재함형),105
제주,2026,08,화물,용도형,피견인차,피견인차(콘테이너샤시),24
제주,2026,08,화물,용도형,피견인차,피견인차(평판형),77
제주,2026,08,화물,일반형,계,10톤 미만,663
제주,2026,08,화물,일반형,계,12톤 미만,61
제주,2026,08,화물,일반형,계,12톤 이상,554
제주,2026,08,화물,일반형,계,1톤 이하,50243
제주,2026,08,화물,일반형,계,3톤 이하,2452
제주,2026,08,화물,일반형,계,5톤 미만,1526
제주,2026,08,화물,일반형,계,8톤 미만,920
충남,2026,08,승용,겸 화물,외산,1500CC미만,4257
충남,2026,08,승용,겸 화물,외산,2000CC미만,3
충남,2026,08,승용,겸 화물,외산,2500CC미만,161
충남,2026,08,승용,겸 화물,외산,3000CC미만,15
충남,2026,08,승용,겸 화물,외산,3500CC미만,1
충남,2026,08,승용,겸 화물,외산,3500CC이상,22
충남,2026,08,승용,겸 화물,외산,저속전기,0
충남,2026,08,승용,겸 화물,외산,전기,55
충남,2026,08,승용,기타형,외산,1500CC미만,14519
충남,2026,08,승용,기타형,외산,2000CC미만,38425
충남,2026,08,승용,기타형,외산,2500CC미만,30841
충남,2026,08,승용,기타형,외산,3000CC미만,582
충남,2026,08,승용,기타형,외산,3500CC미만,6711
충남,2026,08,승용,기타형,외산,3500CC이상,90
충남,2026,08,승용,기타형,외산,저속전기,36
충남,2026,08,승용,기타형,외산,전기,2446
충남,2026,08,승용,다목적형,외산,1500CC미만,9642
충남,2026,08,승용,다목적형,외산,2000CC미만,199199
충남,2026,08,승용,다목적형,외산,2500CC미만,63600
충남,2026,08,승용,다목적형,외산,3000CC미만,22761
충남,2026,08,승용,다목적형,외산,3500CC미만,2779
충남,2026,08,승용,다목적형,외산,3500CC이상,8015
충남,2026,08,승용,다목적형,외산,저속전기,0
충남,2026,08,승용,다목적형,외산,전기,25567
충남,2026,08,승용,일반형,국산,1000CC미만,101317
충남,2026,08,승용,일반형,국산,1500CC미만,21080
충남,2026,08,승용,일반형,국산,2000CC미만,250688
충남,2026,08,승용,일반형,국산,2500CC미만,67723
충남,2026,08,승용,일반형,국산,3000CC미만,34322
충남,2026,08,승용,일반형,국산,3500CC미만,26761
충남,2026,08,승용,일반형,국산,4000CC미만,11180
충남,2026,08,승용,일반형,국산,4500CC미만,30
충남,2026,08,승용,일반형,국산,5000CC미만,228
충남,2026,08,승용,일반형,국산,5000CC이상,952
충남,2026,08,승용,일반형,국산,800CC미만,1757
충남,2026,08,승용,일반형,국산,저속전기,3
충남,2026,08,승용,일반형,국산,전기,6161
충남,2026,08,승용,일반형,외산,1000CC미만,38
충남,2026,08,승용,일반형,외산,1500CC미만,6786
충남,2026,08,승용,일반형,외산,2000CC미만,36449
충남,2026,08,승용,일반형,외산,2500CC미만,7781
충남,2026,08,승용,일반형,외산,3000CC미만,8414
충남,2026,08,승용,일반형,외산,3500CC미만,2542
충남,2026,08,승용,일반형,외산,4000CC미만,2098
충남,2026,08,승용,일반형,외산,4500CC미만,504
충남,2026,08,승용,일반형,외산,5000CC미만,510
충남,2026,08,승용,일반형,외산,5000CC이상,688
충남,2026,08,승용,일반형,외산,800CC미만,81
충남,2026,08,승용,일반형,외산,저속전기,0
충남,2026,08,승용,일반형,외산,전기,4352
충남,2026,08,승합,일반형,계,15인 이하,23408
충남,2026,08,승합,일반형,계,25인 이하,1060
충남,2026,08,승합,일반형,계,35인 이하,700
충남,2026,08,승합,일반형,계,50인 이하,1127
충남,2026,08,승합,일반형,계,51인 이상,19
충남,2026,08,특수,견인차,화물특수용도형(기타),10톤 미만,2
충남,2026,08,특수,견인차,화물특수용도형(기타),10톤 이상,1842
충남,2026,08,특수,견인차,화물특수용도형(기타),5톤 이하,17
충남,2026,08,특수,구난차,화물특수용도형(기타),10톤 미만,18
충남,2026,08,특수,구난차,화물특수용도형(기타),10톤 이상,45
충남,2026,08,특수,구난차,화물특수용도형(기타),5톤 이하,641
충남,2026,08,화물,덤프형,계,12톤 미만,817
충남,2026,08,화물,덤프형,계,12톤 이상,19
충남,2026,08,화물,덤프형,계,1톤 이하,3226
충남,2026,08,화물,덤프형,계,5톤 미만,847
충남,2026,08,화물,밴형,계,1톤 이하,12882
충남,2026,08,화물,밴형,계,5톤 미만,397
충남,2026,08,화물,밴형,계,5톤 이상,3
충남,2026,08,화물,용도형,유조차,경유),719
충남,2026,08,화물,용도형,유조차,유조차(기타),93
충남,2026,08,화물,용도형,유조차,유조차(방카C유),3
충남,2026,08,화물,용도형,유조차,유조차(항공유),15
충남,2026,08,화물,용도형,유조차,유조차(휘발유),9
충남,2026,08,화물,용도형,탱크로리,음료),26
충남,2026,08,화물,용도형,탱크로리,탱크로리(기타),757
충남,2026,08,화물,용도형,탱크로리,탱크로리(압축가스),98
충남,2026,08,화물,용도형,탱크로리,탱크로리(화공약품),27
충남,2026,08,화물,용도형,피견인차,피견인차(기타),4703
충남,2026,08,화물,용도형,피견인차,피견인차(저상형),375
충남,2026,08,화물,용도형,피견인차,피견인차(적재함형),1237
충남,2026,08,화물,용도형,피견인차,피견인차(콘테이너샤시),1438
충남,2026,08,화물,용도형,피견인차,피견인차(평판형),939
충남,2026,08,화물,일반형,계,10톤 미만,1893
충남,2026,08,화물,일반형,계,12톤 미만,371
충남,2026,08,화물,일반형,계,12톤 이상,3764
충남,2026,08,화물,일반형,계,1톤 이하,122559
충남,2026,08,화물,일반형,계,3톤 이하,7458
충남,2026,08,화물,일반형,계,5톤 미만,8203
충남,2026,08,화물,일반형,계,8톤 미만,5493
충북,2026,08,승용,겸 화물,외산,1500CC미만,2953
충북,2026,08,승용,겸 화물,외산,2000CC미만,1
충북,2026,08,승용,겸 화물,외산,2500CC미만,151
충북,2026,08,승용,겸 화물,외산,3000CC미만,9
충북,2026,08,승용,겸 화물,외산,3500CC미만,3
충북,2026,08,승용,겸 화물,외산,3500CC이상,19
충북,2026,08,승용,겸 화물,외산,저속전기,0
충북,2026,08,승용,겸 화물,외산,전기,63
충북,2026,08,승용,기타형,외산,1500CC미만,10289
충북,2026,08,승용,기타형,외산,2000CC미만,28131
충북,2026,08,승용,기타형,외산,2500CC미만,21128
충북,2026,08,승용,기타형,외산,3000CC미만,387
충북,2026,08,승용,기타형,외산,3500CC미만,4688
충북,2026,08,승용,기타형,외산,3500CC이상,59
충북,2026,08,승용,기타형,외산,저속전기,39
충북,2026,08,승용,기타형,외산,전기,1699
충북,2026,08,승용,다목적형,외산,1500CC미만,7215
충북,2026,08,승용,다목적형,외산,2000CC미만,150304
충북,2026,08,승용,다목적형,외산,2500CC미만,45301
충북,2026,08,승용,다목적형,외산,3000CC미만,16739
충북,2026,08,승용,다목적형,외산,3500CC미만,1860
충북,2026,08,승용,다목적형,외산,3500CC이상,6053
충북,2026,08,승용,다목적형,외산,저속전기,0
충북,2026,08,승용,다목적형,외산,전기,23110
충북,2026,08,승용,일반형,국산,1000CC미만,76151
충북,2026,08,승용,일반형,국산,1500CC미만,16041
충북,2026,08,승용,일반형,국산,2000CC미만,192486
충북,2026,08,승용,일반형,국산,2500CC미만,49652
충북,2026,08,승용,일반형,국산,3000CC미만,24330
충북,2026,08,승용,일반형,국산,3500CC미만,18701
충북,2026,08,승용,일반형,국산,4000CC미만,7401
충북,2026,08,승용,일반형,국산,4500CC미만,30
충북,2026,08,승용,일반형,국산,5000CC미만,140
충북,2026,08,승용,일반형,국산,5000CC이상,590
충북,2026,08,승용,일반형,국산,800CC미만,1371
충북,2026,08,승용,일반형,국산,저속전기,1
충북,2026,08,승용,일반형,국산,전기,6653
충북,2026,08,승용,일반형,외산,1000CC미만,44
충북,2026,08,승용,일반형,외산,1500CC미만,5097
충북,2026,08,승용,일반형,외산,2000CC미만,29110
충북,2026,08,승용,일반형,외산,2500CC미만,5765
충북,2026,08,승용,일반형,외산,3000CC미만,6439
충북,2026,08,승용,일반형,외산,3500CC미만,1779
충북,2026,08,승용,일반형,외산,4000CC미만,1460
충북,2026,08,승용,일반형,외산,4500CC미만,358
충북,2026,08,승용,일반형,외산,5000CC미만,364
충북,2026,08,승용,일반형,외산,5000CC이상,513
충북,2026,08,승용,일반형,외산,800CC미만,46
충북,2026,08,승용,일반형,외산,저속전기,0
충북,2026,08,승용,일반형,외산,전기,3265
충북,2026,08,승합,일반형,계,15인 이하,17025
충북,2026,08,승합,일반형,계,25인 이하,753
충북,2026,08,승합,일반형,계,35인 이하,436
충북,2026,08,승합,일반형,계,50인 이하,696
충북,2026,08,승합,일반형,계,51인 이상,18
충북,2026,08,특수,견인차,화물특수용도형(기타),10톤 미만,1
충북,2026,08,특수,견인차,화물특수용도형(기타),10톤 이상,1708
충북,2026,08,특수,견인차,화물특수용도형(기타),5톤 이하,13
충북,2026,08,특수,구난차,화물특수용도형(기타),10톤 미만,18
충북,2026,08,특수,구난차,화물특수용도형(기타),10톤 이상,26
충북,2026,08,특수,구난차,화물특수용도형(기타),5톤 이하,446
충북,2026,08,화물,덤프형,계,12톤 미만,386
충북,2026,08,화물,덤프형,계,12톤 이상,27
충북,2026,08,화물,덤프형,계,1톤 이하,2652
충북,2026,08,화물,덤프형,계,5톤 미만,648
충북,2026,08,화물,밴형,계,1톤 이하,10962
충북,2026,08,화물,밴형,계,5톤 미만,269
충북,2026,08,화물,밴형,계,5톤 이상,5
충북,2026,08,화물,용도형,유조차,경유),560
충북,2026,08,화물,용도형,유조차,유조차(기타),73
충북,2026,08,화물,용도형,유조차,유조차(방카C유),7
충북,2026,08,화물,용도형,유조차,유조차(항공유),24
충북,2026,08,화물,용도형,유조차,유조차(휘발유),4
충북,2026,08,화물,용도형,탱크로리,음료),16
충북,2026,08,화물,용도형,탱크로리,탱크로리(기타),486
충북,2026,08,화물,용도형,탱크로리,탱크로리(압축가스),70
충북,2026,08,화물,용도형,탱크로리,탱크로리(화공약품),6
충북,2026,08,화물,용도형,피견인차,피견인차(기타),3273
충북,2026,08,화물,용도형,피견인차,피견인차(저상형),199
충북,2026,08,화물,용도형,피견인차,피견인차(적재함형),968
충북,2026,08,화물,용도형,피견인차,피견인차(콘테이너샤시),1287
충북,2026,08,화물,용도형,피견인차,피견인차(평판형),437
충북,2026,08,화물,일반형,계,10톤 미만,1257
충북,2026,08,화물,일반형,계,12톤 미만,245
충북,2026,08,화물,일반형,계,12톤 이상,2279
충북,2026,08,화물,일반형,계,1톤 이하,83237
충북,2026,08,화물,일반형,계,3톤 이하,4851
충북,2026,08,화물,일반형,계,5톤 미만,5587
충북,2026,08,화물,일반형,계,8톤 미만,3422
