브랜드,카테고리,페이지,질문,답변
기아,차량 구매,1,EV케어 프로그램이란 무엇인가요?,"기아 EV를 구매한 기아멤버스 회원이시라면 EV스타일케어, EV세이프티 케어에 가입하실 수 있습니다. 기아EV케어"
기아,차량 구매,1,광고성 정보 수신 동의 확인 문자/이메일을 받았습니다.,"기아 EV를 구매한 기아멤버스 회원이시라면 EV스타일케어, EV세이프티 케어에 가입하실 수 있습니다. 기아EV케어"
기아,차량 구매,1,기아 전기차 구매시 보조금은 어떻게 되나요?,"기아 EV를 구매한 기아멤버스 회원이시라면 EV스타일케어, EV세이프티 케어에 가입하실 수 있습니다. 기아EV케어"
기아,차량 구매,1,All-new Niro EV에 적용된 특화 기술은 어떤 게 있나요?,"기아 EV를 구매한 기아멤버스 회원이시라면 EV스타일케어, EV세이프티 케어에 가입하실 수 있습니다. 기아EV케어"
기아,차량 구매,1,기아 표준 서비스 용품이 무엇인가요?,"기아 EV를 구매한 기아멤버스 회원이시라면 EV스타일케어, EV세이프티 케어에 가입하실 수 있습니다. 기아EV케어"
기아,차량 구매,1,시승 신청은 어떻게 해야 하나요?,"기아 EV를 구매한 기아멤버스 회원이시라면 EV스타일케어, EV세이프티 케어에 가입하실 수 있습니다. 기아EV케어"
기아,차량 구매,1,기아 통합 계정이 무엇인가요?,"기아 EV를 구매한 기아멤버스 회원이시라면 EV스타일케어, EV세이프티 케어에 가입하실 수 있습니다. 기아EV케어"
기아,차량 구매,1,상승 내장탑차가 무엇인가요?,"기아 EV를 구매한 기아멤버스 회원이시라면 EV스타일케어, EV세이프티 케어에 가입하실 수 있습니다. 기아EV케어"
기아,차량 구매,1,스마트 드라이브 케어(Smart Driver Care)가 무엇인가요?,"기아 EV를 구매한 기아멤버스 회원이시라면 EV스타일케어, EV세이프티 케어에 가입하실 수 있습니다. 기아EV케어"
기아,차량 구매,1,LPG 연료 차량의 장점이 무엇인가요?,"기아 EV를 구매한 기아멤버스 회원이시라면 EV스타일케어, EV세이프티 케어에 가입하실 수 있습니다. 기아EV케어"
기아,차량 구매,2,LPG 연료 차량을 모든 사람이 구입할 수 있다는데 어떤 내용인가요?,"최근 정부가 내놓은 미세먼지 대책방안의 일환으로 LPG 연료 사용에 대한 규제가 완화됐습니다.  이전까지 LPG 차량은 장애인/국가유공자가 소유할 수 있었고, 택시/렌터카 같은 사업용 차량, 경차 및 5인승 이상 RV 차량으로 용도와 구매 대상이 제한되어 왔습니다.    때문에 휘발유나 경유 값에 비해 50~60%에 불과할 정도로 연료 값이 저렴함에도 LPG 차량의 시장 점유율은 10%를 넘지 못 했으나 이번 미세먼지 대책 방안으로 인해 규제가 완전히 풀리게 되면서, LPG 차량의 보유가 확대될 것으로 보입니다.    당사에는 모닝 1.0 LPI, 더 뉴 레이 1.0 LPI, 봉고Ⅲ 2.4 LPI, K5 2.0 LPI, K7 3.0 LPI와 같은 5종의 LPG 모델 라인업을 갖고 있으며, 이번 LPG 규제 완화로 혜택을 볼 수 있는 당사의 차종은 K5 2.0 LPI, K7 3.0 LPI 차량입니다."
기아,차량 구매,2,차량 구입 비용을 현금으로 결제하면 할인을 더 받을 수 있나요?,"최근 정부가 내놓은 미세먼지 대책방안의 일환으로 LPG 연료 사용에 대한 규제가 완화됐습니다.  이전까지 LPG 차량은 장애인/국가유공자가 소유할 수 있었고, 택시/렌터카 같은 사업용 차량, 경차 및 5인승 이상 RV 차량으로 용도와 구매 대상이 제한되어 왔습니다.    때문에 휘발유나 경유 값에 비해 50~60%에 불과할 정도로 연료 값이 저렴함에도 LPG 차량의 시장 점유율은 10%를 넘지 못 했으나 이번 미세먼지 대책 방안으로 인해 규제가 완전히 풀리게 되면서, LPG 차량의 보유가 확대될 것으로 보입니다.    당사에는 모닝 1.0 LPI, 더 뉴 레이 1.0 LPI, 봉고Ⅲ 2.4 LPI, K5 2.0 LPI, K7 3.0 LPI와 같은 5종의 LPG 모델 라인업을 갖고 있으며, 이번 LPG 규제 완화로 혜택을 볼 수 있는 당사의 차종은 K5 2.0 LPI, K7 3.0 LPI 차량입니다."
기아,차량 구매,2,해약하는 경우 계약금을 돌려 받을 수 있나요?,"최근 정부가 내놓은 미세먼지 대책방안의 일환으로 LPG 연료 사용에 대한 규제가 완화됐습니다.  이전까지 LPG 차량은 장애인/국가유공자가 소유할 수 있었고, 택시/렌터카 같은 사업용 차량, 경차 및 5인승 이상 RV 차량으로 용도와 구매 대상이 제한되어 왔습니다.    때문에 휘발유나 경유 값에 비해 50~60%에 불과할 정도로 연료 값이 저렴함에도 LPG 차량의 시장 점유율은 10%를 넘지 못 했으나 이번 미세먼지 대책 방안으로 인해 규제가 완전히 풀리게 되면서, LPG 차량의 보유가 확대될 것으로 보입니다.    당사에는 모닝 1.0 LPI, 더 뉴 레이 1.0 LPI, 봉고Ⅲ 2.4 LPI, K5 2.0 LPI, K7 3.0 LPI와 같은 5종의 LPG 모델 라인업을 갖고 있으며, 이번 LPG 규제 완화로 혜택을 볼 수 있는 당사의 차종은 K5 2.0 LPI, K7 3.0 LPI 차량입니다."
기아,차량 구매,2,장애인 면세로 차량구입 시 제출서류는 무엇인가요?,"최근 정부가 내놓은 미세먼지 대책방안의 일환으로 LPG 연료 사용에 대한 규제가 완화됐습니다.  이전까지 LPG 차량은 장애인/국가유공자가 소유할 수 있었고, 택시/렌터카 같은 사업용 차량, 경차 및 5인승 이상 RV 차량으로 용도와 구매 대상이 제한되어 왔습니다.    때문에 휘발유나 경유 값에 비해 50~60%에 불과할 정도로 연료 값이 저렴함에도 LPG 차량의 시장 점유율은 10%를 넘지 못 했으나 이번 미세먼지 대책 방안으로 인해 규제가 완전히 풀리게 되면서, LPG 차량의 보유가 확대될 것으로 보입니다.    당사에는 모닝 1.0 LPI, 더 뉴 레이 1.0 LPI, 봉고Ⅲ 2.4 LPI, K5 2.0 LPI, K7 3.0 LPI와 같은 5종의 LPG 모델 라인업을 갖고 있으며, 이번 LPG 규제 완화로 혜택을 볼 수 있는 당사의 차종은 K5 2.0 LPI, K7 3.0 LPI 차량입니다."
기아,차량 구매,2,특장차량 중 냉온장탑차는 어떤 차량인가요?,"최근 정부가 내놓은 미세먼지 대책방안의 일환으로 LPG 연료 사용에 대한 규제가 완화됐습니다.  이전까지 LPG 차량은 장애인/국가유공자가 소유할 수 있었고, 택시/렌터카 같은 사업용 차량, 경차 및 5인승 이상 RV 차량으로 용도와 구매 대상이 제한되어 왔습니다.    때문에 휘발유나 경유 값에 비해 50~60%에 불과할 정도로 연료 값이 저렴함에도 LPG 차량의 시장 점유율은 10%를 넘지 못 했으나 이번 미세먼지 대책 방안으로 인해 규제가 완전히 풀리게 되면서, LPG 차량의 보유가 확대될 것으로 보입니다.    당사에는 모닝 1.0 LPI, 더 뉴 레이 1.0 LPI, 봉고Ⅲ 2.4 LPI, K5 2.0 LPI, K7 3.0 LPI와 같은 5종의 LPG 모델 라인업을 갖고 있으며, 이번 LPG 규제 완화로 혜택을 볼 수 있는 당사의 차종은 K5 2.0 LPI, K7 3.0 LPI 차량입니다."
기아,차량 구매,2,차량 구입 시 차량대금을 입금할 수 있는 입금계좌가 따로 있나요?,"최근 정부가 내놓은 미세먼지 대책방안의 일환으로 LPG 연료 사용에 대한 규제가 완화됐습니다.  이전까지 LPG 차량은 장애인/국가유공자가 소유할 수 있었고, 택시/렌터카 같은 사업용 차량, 경차 및 5인승 이상 RV 차량으로 용도와 구매 대상이 제한되어 왔습니다.    때문에 휘발유나 경유 값에 비해 50~60%에 불과할 정도로 연료 값이 저렴함에도 LPG 차량의 시장 점유율은 10%를 넘지 못 했으나 이번 미세먼지 대책 방안으로 인해 규제가 완전히 풀리게 되면서, LPG 차량의 보유가 확대될 것으로 보입니다.    당사에는 모닝 1.0 LPI, 더 뉴 레이 1.0 LPI, 봉고Ⅲ 2.4 LPI, K5 2.0 LPI, K7 3.0 LPI와 같은 5종의 LPG 모델 라인업을 갖고 있으며, 이번 LPG 규제 완화로 혜택을 볼 수 있는 당사의 차종은 K5 2.0 LPI, K7 3.0 LPI 차량입니다."
기아,차량 구매,2,차량 구입 시 납부하는 ‘의무보험료’는 무엇인가요?,"최근 정부가 내놓은 미세먼지 대책방안의 일환으로 LPG 연료 사용에 대한 규제가 완화됐습니다.  이전까지 LPG 차량은 장애인/국가유공자가 소유할 수 있었고, 택시/렌터카 같은 사업용 차량, 경차 및 5인승 이상 RV 차량으로 용도와 구매 대상이 제한되어 왔습니다.    때문에 휘발유나 경유 값에 비해 50~60%에 불과할 정도로 연료 값이 저렴함에도 LPG 차량의 시장 점유율은 10%를 넘지 못 했으나 이번 미세먼지 대책 방안으로 인해 규제가 완전히 풀리게 되면서, LPG 차량의 보유가 확대될 것으로 보입니다.    당사에는 모닝 1.0 LPI, 더 뉴 레이 1.0 LPI, 봉고Ⅲ 2.4 LPI, K5 2.0 LPI, K7 3.0 LPI와 같은 5종의 LPG 모델 라인업을 갖고 있으며, 이번 LPG 규제 완화로 혜택을 볼 수 있는 당사의 차종은 K5 2.0 LPI, K7 3.0 LPI 차량입니다."
기아,차량 구매,2,기아 리스에 대해 알고 싶습니다.,"최근 정부가 내놓은 미세먼지 대책방안의 일환으로 LPG 연료 사용에 대한 규제가 완화됐습니다.  이전까지 LPG 차량은 장애인/국가유공자가 소유할 수 있었고, 택시/렌터카 같은 사업용 차량, 경차 및 5인승 이상 RV 차량으로 용도와 구매 대상이 제한되어 왔습니다.    때문에 휘발유나 경유 값에 비해 50~60%에 불과할 정도로 연료 값이 저렴함에도 LPG 차량의 시장 점유율은 10%를 넘지 못 했으나 이번 미세먼지 대책 방안으로 인해 규제가 완전히 풀리게 되면서, LPG 차량의 보유가 확대될 것으로 보입니다.    당사에는 모닝 1.0 LPI, 더 뉴 레이 1.0 LPI, 봉고Ⅲ 2.4 LPI, K5 2.0 LPI, K7 3.0 LPI와 같은 5종의 LPG 모델 라인업을 갖고 있으며, 이번 LPG 규제 완화로 혜택을 볼 수 있는 당사의 차종은 K5 2.0 LPI, K7 3.0 LPI 차량입니다."
기아,차량 구매,2,경차 유류세 환급 제도는 어떤 내용인가요?,"최근 정부가 내놓은 미세먼지 대책방안의 일환으로 LPG 연료 사용에 대한 규제가 완화됐습니다.  이전까지 LPG 차량은 장애인/국가유공자가 소유할 수 있었고, 택시/렌터카 같은 사업용 차량, 경차 및 5인승 이상 RV 차량으로 용도와 구매 대상이 제한되어 왔습니다.    때문에 휘발유나 경유 값에 비해 50~60%에 불과할 정도로 연료 값이 저렴함에도 LPG 차량의 시장 점유율은 10%를 넘지 못 했으나 이번 미세먼지 대책 방안으로 인해 규제가 완전히 풀리게 되면서, LPG 차량의 보유가 확대될 것으로 보입니다.    당사에는 모닝 1.0 LPI, 더 뉴 레이 1.0 LPI, 봉고Ⅲ 2.4 LPI, K5 2.0 LPI, K7 3.0 LPI와 같은 5종의 LPG 모델 라인업을 갖고 있으며, 이번 LPG 규제 완화로 혜택을 볼 수 있는 당사의 차종은 K5 2.0 LPI, K7 3.0 LPI 차량입니다."
기아,차량 구매,2,장기 렌터카를 구입하고 싶습니다. 어떻게 하면 되나요?,"최근 정부가 내놓은 미세먼지 대책방안의 일환으로 LPG 연료 사용에 대한 규제가 완화됐습니다.  이전까지 LPG 차량은 장애인/국가유공자가 소유할 수 있었고, 택시/렌터카 같은 사업용 차량, 경차 및 5인승 이상 RV 차량으로 용도와 구매 대상이 제한되어 왔습니다.    때문에 휘발유나 경유 값에 비해 50~60%에 불과할 정도로 연료 값이 저렴함에도 LPG 차량의 시장 점유율은 10%를 넘지 못 했으나 이번 미세먼지 대책 방안으로 인해 규제가 완전히 풀리게 되면서, LPG 차량의 보유가 확대될 것으로 보입니다.    당사에는 모닝 1.0 LPI, 더 뉴 레이 1.0 LPI, 봉고Ⅲ 2.4 LPI, K5 2.0 LPI, K7 3.0 LPI와 같은 5종의 LPG 모델 라인업을 갖고 있으며, 이번 LPG 규제 완화로 혜택을 볼 수 있는 당사의 차종은 K5 2.0 LPI, K7 3.0 LPI 차량입니다."
기아,차량 구매,3,"차량(구입, 등록, 소유 시)에 부과되는 세금은 어떤 종류가 있나요?","구입 단계 : 개별소비세, 교육세, 부가가치세가 차량 가격에 포함되어 부과   등록 단계 : 취득세 부과   소유 단계 : 자동차세 연단위로 부과     * 그 외에 공채 매입과경유자동차에 부과되는 환경개선부담금이 있습니다.   자세한 내용은 기아홈페이지에서 확인하실 수 있습니다. 세금 바로가기 >"
기아,차량 구매,3,경차 구입 시 어떤 혜택을 받을 수 있나요?,"구입 단계 : 개별소비세, 교육세, 부가가치세가 차량 가격에 포함되어 부과   등록 단계 : 취득세 부과   소유 단계 : 자동차세 연단위로 부과     * 그 외에 공채 매입과경유자동차에 부과되는 환경개선부담금이 있습니다.   자세한 내용은 기아홈페이지에서 확인하실 수 있습니다. 세금 바로가기 >"
기아,차량 구매,3,차량 구입 시 차량에 장착되는 타이어를 선택할 수 있나요?,"구입 단계 : 개별소비세, 교육세, 부가가치세가 차량 가격에 포함되어 부과   등록 단계 : 취득세 부과   소유 단계 : 자동차세 연단위로 부과     * 그 외에 공채 매입과경유자동차에 부과되는 환경개선부담금이 있습니다.   자세한 내용은 기아홈페이지에서 확인하실 수 있습니다. 세금 바로가기 >"
기아,차량 구매,3,차량 구입 시 세금계산서 발급 대상은 어떻게 되나요?,"구입 단계 : 개별소비세, 교육세, 부가가치세가 차량 가격에 포함되어 부과   등록 단계 : 취득세 부과   소유 단계 : 자동차세 연단위로 부과     * 그 외에 공채 매입과경유자동차에 부과되는 환경개선부담금이 있습니다.   자세한 내용은 기아홈페이지에서 확인하실 수 있습니다. 세금 바로가기 >"
기아,차량 구매,3,자동차 구입 비용은 소득공제 및 현금영수증을 받을 수 있나요?,"구입 단계 : 개별소비세, 교육세, 부가가치세가 차량 가격에 포함되어 부과   등록 단계 : 취득세 부과   소유 단계 : 자동차세 연단위로 부과     * 그 외에 공채 매입과경유자동차에 부과되는 환경개선부담금이 있습니다.   자세한 내용은 기아홈페이지에서 확인하실 수 있습니다. 세금 바로가기 >"
기아,차량 구매,3,차종별로 구동방식은 어떻게 적용되나요?,"구입 단계 : 개별소비세, 교육세, 부가가치세가 차량 가격에 포함되어 부과   등록 단계 : 취득세 부과   소유 단계 : 자동차세 연단위로 부과     * 그 외에 공채 매입과경유자동차에 부과되는 환경개선부담금이 있습니다.   자세한 내용은 기아홈페이지에서 확인하실 수 있습니다. 세금 바로가기 >"
기아,차량 구매,3,기아에서 실시하는 이벤트가 있나요?,"구입 단계 : 개별소비세, 교육세, 부가가치세가 차량 가격에 포함되어 부과   등록 단계 : 취득세 부과   소유 단계 : 자동차세 연단위로 부과     * 그 외에 공채 매입과경유자동차에 부과되는 환경개선부담금이 있습니다.   자세한 내용은 기아홈페이지에서 확인하실 수 있습니다. 세금 바로가기 >"
기아,차량 구매,3,차종별 판매조건은 어떻게 되나요?,"구입 단계 : 개별소비세, 교육세, 부가가치세가 차량 가격에 포함되어 부과   등록 단계 : 취득세 부과   소유 단계 : 자동차세 연단위로 부과     * 그 외에 공채 매입과경유자동차에 부과되는 환경개선부담금이 있습니다.   자세한 내용은 기아홈페이지에서 확인하실 수 있습니다. 세금 바로가기 >"
기아,차량 구매,3,기아 전시차 및 시승차량은 어디에서 확인할 수 있나요?,"구입 단계 : 개별소비세, 교육세, 부가가치세가 차량 가격에 포함되어 부과   등록 단계 : 취득세 부과   소유 단계 : 자동차세 연단위로 부과     * 그 외에 공채 매입과경유자동차에 부과되는 환경개선부담금이 있습니다.   자세한 내용은 기아홈페이지에서 확인하실 수 있습니다. 세금 바로가기 >"
기아,차량 구매,3,차량 견적을 받는 방법은 무엇인가요?,"구입 단계 : 개별소비세, 교육세, 부가가치세가 차량 가격에 포함되어 부과   등록 단계 : 취득세 부과   소유 단계 : 자동차세 연단위로 부과     * 그 외에 공채 매입과경유자동차에 부과되는 환경개선부담금이 있습니다.   자세한 내용은 기아홈페이지에서 확인하실 수 있습니다. 세금 바로가기 >"
기아,차량 구매,4,차량대금 신용카드 결제 시 본인 이외 카드로 결제 가능한가요?,"차량 구매자가 개인인 경우 본인 카드만 이용이 가능하며, 계약자가 본인 외 1인인 경우 본인 외 1인의 카드도 허용됩니다.  개인사업자인 경우 사업자명의 및 대표자 본인카드, 법인인 경우 법인명의 카드만 사용이 가능합니다.   신용카드 결제 범위 · 단독개인명의 : 본인 신용카드, 체크카드만 사용가능 (가족카드, 기프트카드(상품권) 불가) · 공동명의 : 공동명의자 카드 사용가능, (공동명의자가 개인사업자일 경우 사업자 카드 불가) · 개인사업자 : 사업자, 대표자 개인카드만 가능 (개인 사업자의 기업카드, 공동사업자 유선승인) · 법인사업자 : 법인신용카드만 사용가능 (개인 신용카드 불가)      법인기명식카드 → 대표이사, 직원, 사외이사 : 재직증명서, 법인등기부등본 첨부)   * 여신전문금융업법에 의거하여 신용카드는 명의자의 사용 동의 여부를 불문하고 타인의 카드를 양도하여 사용할 수 없기 때문에 본인 명의 신용카드로만 결제 가능합니다."
기아,차량 구매,4,장애인차량을 타인에게 어떻게 양도 할 수 있나요?,"차량 구매자가 개인인 경우 본인 카드만 이용이 가능하며, 계약자가 본인 외 1인인 경우 본인 외 1인의 카드도 허용됩니다.  개인사업자인 경우 사업자명의 및 대표자 본인카드, 법인인 경우 법인명의 카드만 사용이 가능합니다.   신용카드 결제 범위 · 단독개인명의 : 본인 신용카드, 체크카드만 사용가능 (가족카드, 기프트카드(상품권) 불가) · 공동명의 : 공동명의자 카드 사용가능, (공동명의자가 개인사업자일 경우 사업자 카드 불가) · 개인사업자 : 사업자, 대표자 개인카드만 가능 (개인 사업자의 기업카드, 공동사업자 유선승인) · 법인사업자 : 법인신용카드만 사용가능 (개인 신용카드 불가)      법인기명식카드 → 대표이사, 직원, 사외이사 : 재직증명서, 법인등기부등본 첨부)   * 여신전문금융업법에 의거하여 신용카드는 명의자의 사용 동의 여부를 불문하고 타인의 카드를 양도하여 사용할 수 없기 때문에 본인 명의 신용카드로만 결제 가능합니다."
기아,차량 구매,4,개명을 했는데 기아에 제공된 개인정보 변경 방법은 무엇인가요?,"차량 구매자가 개인인 경우 본인 카드만 이용이 가능하며, 계약자가 본인 외 1인인 경우 본인 외 1인의 카드도 허용됩니다.  개인사업자인 경우 사업자명의 및 대표자 본인카드, 법인인 경우 법인명의 카드만 사용이 가능합니다.   신용카드 결제 범위 · 단독개인명의 : 본인 신용카드, 체크카드만 사용가능 (가족카드, 기프트카드(상품권) 불가) · 공동명의 : 공동명의자 카드 사용가능, (공동명의자가 개인사업자일 경우 사업자 카드 불가) · 개인사업자 : 사업자, 대표자 개인카드만 가능 (개인 사업자의 기업카드, 공동사업자 유선승인) · 법인사업자 : 법인신용카드만 사용가능 (개인 신용카드 불가)      법인기명식카드 → 대표이사, 직원, 사외이사 : 재직증명서, 법인등기부등본 첨부)   * 여신전문금융업법에 의거하여 신용카드는 명의자의 사용 동의 여부를 불문하고 타인의 카드를 양도하여 사용할 수 없기 때문에 본인 명의 신용카드로만 결제 가능합니다."
기아,차량 구매,4,장애인이 차량을 구입할 때 어떤 혜택이 있나요?,"차량 구매자가 개인인 경우 본인 카드만 이용이 가능하며, 계약자가 본인 외 1인인 경우 본인 외 1인의 카드도 허용됩니다.  개인사업자인 경우 사업자명의 및 대표자 본인카드, 법인인 경우 법인명의 카드만 사용이 가능합니다.   신용카드 결제 범위 · 단독개인명의 : 본인 신용카드, 체크카드만 사용가능 (가족카드, 기프트카드(상품권) 불가) · 공동명의 : 공동명의자 카드 사용가능, (공동명의자가 개인사업자일 경우 사업자 카드 불가) · 개인사업자 : 사업자, 대표자 개인카드만 가능 (개인 사업자의 기업카드, 공동사업자 유선승인) · 법인사업자 : 법인신용카드만 사용가능 (개인 신용카드 불가)      법인기명식카드 → 대표이사, 직원, 사외이사 : 재직증명서, 법인등기부등본 첨부)   * 여신전문금융업법에 의거하여 신용카드는 명의자의 사용 동의 여부를 불문하고 타인의 카드를 양도하여 사용할 수 없기 때문에 본인 명의 신용카드로만 결제 가능합니다."
기아,차량 구매,4,지점과 대리점의 차량 판매금액이 다른가요?,"차량 구매자가 개인인 경우 본인 카드만 이용이 가능하며, 계약자가 본인 외 1인인 경우 본인 외 1인의 카드도 허용됩니다.  개인사업자인 경우 사업자명의 및 대표자 본인카드, 법인인 경우 법인명의 카드만 사용이 가능합니다.   신용카드 결제 범위 · 단독개인명의 : 본인 신용카드, 체크카드만 사용가능 (가족카드, 기프트카드(상품권) 불가) · 공동명의 : 공동명의자 카드 사용가능, (공동명의자가 개인사업자일 경우 사업자 카드 불가) · 개인사업자 : 사업자, 대표자 개인카드만 가능 (개인 사업자의 기업카드, 공동사업자 유선승인) · 법인사업자 : 법인신용카드만 사용가능 (개인 신용카드 불가)      법인기명식카드 → 대표이사, 직원, 사외이사 : 재직증명서, 법인등기부등본 첨부)   * 여신전문금융업법에 의거하여 신용카드는 명의자의 사용 동의 여부를 불문하고 타인의 카드를 양도하여 사용할 수 없기 때문에 본인 명의 신용카드로만 결제 가능합니다."
기아,차량 구매,4,차량에 근저당 설정이 되어 있는데 말소할 수 있는 방법은 무엇인가요?,"차량 구매자가 개인인 경우 본인 카드만 이용이 가능하며, 계약자가 본인 외 1인인 경우 본인 외 1인의 카드도 허용됩니다.  개인사업자인 경우 사업자명의 및 대표자 본인카드, 법인인 경우 법인명의 카드만 사용이 가능합니다.   신용카드 결제 범위 · 단독개인명의 : 본인 신용카드, 체크카드만 사용가능 (가족카드, 기프트카드(상품권) 불가) · 공동명의 : 공동명의자 카드 사용가능, (공동명의자가 개인사업자일 경우 사업자 카드 불가) · 개인사업자 : 사업자, 대표자 개인카드만 가능 (개인 사업자의 기업카드, 공동사업자 유선승인) · 법인사업자 : 법인신용카드만 사용가능 (개인 신용카드 불가)      법인기명식카드 → 대표이사, 직원, 사외이사 : 재직증명서, 법인등기부등본 첨부)   * 여신전문금융업법에 의거하여 신용카드는 명의자의 사용 동의 여부를 불문하고 타인의 카드를 양도하여 사용할 수 없기 때문에 본인 명의 신용카드로만 결제 가능합니다."
기아,차량 구매,4,카달로그/가격표는 어디서 확인 가능한가요?,"차량 구매자가 개인인 경우 본인 카드만 이용이 가능하며, 계약자가 본인 외 1인인 경우 본인 외 1인의 카드도 허용됩니다.  개인사업자인 경우 사업자명의 및 대표자 본인카드, 법인인 경우 법인명의 카드만 사용이 가능합니다.   신용카드 결제 범위 · 단독개인명의 : 본인 신용카드, 체크카드만 사용가능 (가족카드, 기프트카드(상품권) 불가) · 공동명의 : 공동명의자 카드 사용가능, (공동명의자가 개인사업자일 경우 사업자 카드 불가) · 개인사업자 : 사업자, 대표자 개인카드만 가능 (개인 사업자의 기업카드, 공동사업자 유선승인) · 법인사업자 : 법인신용카드만 사용가능 (개인 신용카드 불가)      법인기명식카드 → 대표이사, 직원, 사외이사 : 재직증명서, 법인등기부등본 첨부)   * 여신전문금융업법에 의거하여 신용카드는 명의자의 사용 동의 여부를 불문하고 타인의 카드를 양도하여 사용할 수 없기 때문에 본인 명의 신용카드로만 결제 가능합니다."
기아,차량 정비,1,단속 카메라 및 안내 경로에 대한 오류 등이 발행하는 경우 어떤 조치를 취할 수 있나요?,"사고를 목격하시거나, 갑작스러운 도로 공사, 통제, 포트홀로 길이 막힌 경우, 지도안내 화면에서 해당 지점을 길게 누르면, ‘사용자 신고’를 바로 실행할 수 있습니다. 신고된 정보는 향후 안전 운행을 위한 소중한 데이터로 활용됩니다.  * 지도 정보가 이상하면 “지도정보”, 도로 카메라 정보가 잘못되어 있으면 “카메라”, 터널 등 외부 공기를 차단해야 할 곳이 있다면 “외부 공기 차단”을 눌러주세요. * 표준형5W, 고급형6세대 가 적용된 차종에서 제공됩니다."
기아,차량 정비,1,모바일 내비게이션 대비 기아 내비게이션의 ‘도착 예정 시간’은 정확한가요?,"사고를 목격하시거나, 갑작스러운 도로 공사, 통제, 포트홀로 길이 막힌 경우, 지도안내 화면에서 해당 지점을 길게 누르면, ‘사용자 신고’를 바로 실행할 수 있습니다. 신고된 정보는 향후 안전 운행을 위한 소중한 데이터로 활용됩니다.  * 지도 정보가 이상하면 “지도정보”, 도로 카메라 정보가 잘못되어 있으면 “카메라”, 터널 등 외부 공기를 차단해야 할 곳이 있다면 “외부 공기 차단”을 눌러주세요. * 표준형5W, 고급형6세대 가 적용된 차종에서 제공됩니다."
기아,차량 정비,1,모바일 내비게이션과 차별화 되는 기아 내비게이션만의 특장점은 무엇인가요?,"사고를 목격하시거나, 갑작스러운 도로 공사, 통제, 포트홀로 길이 막힌 경우, 지도안내 화면에서 해당 지점을 길게 누르면, ‘사용자 신고’를 바로 실행할 수 있습니다. 신고된 정보는 향후 안전 운행을 위한 소중한 데이터로 활용됩니다.  * 지도 정보가 이상하면 “지도정보”, 도로 카메라 정보가 잘못되어 있으면 “카메라”, 터널 등 외부 공기를 차단해야 할 곳이 있다면 “외부 공기 차단”을 눌러주세요. * 표준형5W, 고급형6세대 가 적용된 차종에서 제공됩니다."
기아,차량 정비,1,내비게이션 외 클러스터와 헤드업 디스플레이도 무선 업데이트가 되나요?,"사고를 목격하시거나, 갑작스러운 도로 공사, 통제, 포트홀로 길이 막힌 경우, 지도안내 화면에서 해당 지점을 길게 누르면, ‘사용자 신고’를 바로 실행할 수 있습니다. 신고된 정보는 향후 안전 운행을 위한 소중한 데이터로 활용됩니다.  * 지도 정보가 이상하면 “지도정보”, 도로 카메라 정보가 잘못되어 있으면 “카메라”, 터널 등 외부 공기를 차단해야 할 곳이 있다면 “외부 공기 차단”을 눌러주세요. * 표준형5W, 고급형6세대 가 적용된 차종에서 제공됩니다."
기아,차량 정비,1,내비게이션 무선 업데이트는 어떻게 이뤄지나요?,"사고를 목격하시거나, 갑작스러운 도로 공사, 통제, 포트홀로 길이 막힌 경우, 지도안내 화면에서 해당 지점을 길게 누르면, ‘사용자 신고’를 바로 실행할 수 있습니다. 신고된 정보는 향후 안전 운행을 위한 소중한 데이터로 활용됩니다.  * 지도 정보가 이상하면 “지도정보”, 도로 카메라 정보가 잘못되어 있으면 “카메라”, 터널 등 외부 공기를 차단해야 할 곳이 있다면 “외부 공기 차단”을 눌러주세요. * 표준형5W, 고급형6세대 가 적용된 차종에서 제공됩니다."
기아,차량 정비,1,내비게이션 업데이트 주기가 어떻게 되나요?,"사고를 목격하시거나, 갑작스러운 도로 공사, 통제, 포트홀로 길이 막힌 경우, 지도안내 화면에서 해당 지점을 길게 누르면, ‘사용자 신고’를 바로 실행할 수 있습니다. 신고된 정보는 향후 안전 운행을 위한 소중한 데이터로 활용됩니다.  * 지도 정보가 이상하면 “지도정보”, 도로 카메라 정보가 잘못되어 있으면 “카메라”, 터널 등 외부 공기를 차단해야 할 곳이 있다면 “외부 공기 차단”을 눌러주세요. * 표준형5W, 고급형6세대 가 적용된 차종에서 제공됩니다."
기아,차량 정비,1,빌트인 캠 USB메모리 저장버튼이 활성화가 안됩니다. 어떻게 해야 하나요?,"사고를 목격하시거나, 갑작스러운 도로 공사, 통제, 포트홀로 길이 막힌 경우, 지도안내 화면에서 해당 지점을 길게 누르면, ‘사용자 신고’를 바로 실행할 수 있습니다. 신고된 정보는 향후 안전 운행을 위한 소중한 데이터로 활용됩니다.  * 지도 정보가 이상하면 “지도정보”, 도로 카메라 정보가 잘못되어 있으면 “카메라”, 터널 등 외부 공기를 차단해야 할 곳이 있다면 “외부 공기 차단”을 눌러주세요. * 표준형5W, 고급형6세대 가 적용된 차종에서 제공됩니다."
기아,차량 정비,1,빌트인 캠 업데이트를 하지 않으면 영상 녹화가 안되나요?,"사고를 목격하시거나, 갑작스러운 도로 공사, 통제, 포트홀로 길이 막힌 경우, 지도안내 화면에서 해당 지점을 길게 누르면, ‘사용자 신고’를 바로 실행할 수 있습니다. 신고된 정보는 향후 안전 운행을 위한 소중한 데이터로 활용됩니다.  * 지도 정보가 이상하면 “지도정보”, 도로 카메라 정보가 잘못되어 있으면 “카메라”, 터널 등 외부 공기를 차단해야 할 곳이 있다면 “외부 공기 차단”을 눌러주세요. * 표준형5W, 고급형6세대 가 적용된 차종에서 제공됩니다."
기아,차량 정비,1,빌트인 캠 녹화영상 관리 방법이 궁금합니다.,"사고를 목격하시거나, 갑작스러운 도로 공사, 통제, 포트홀로 길이 막힌 경우, 지도안내 화면에서 해당 지점을 길게 누르면, ‘사용자 신고’를 바로 실행할 수 있습니다. 신고된 정보는 향후 안전 운행을 위한 소중한 데이터로 활용됩니다.  * 지도 정보가 이상하면 “지도정보”, 도로 카메라 정보가 잘못되어 있으면 “카메라”, 터널 등 외부 공기를 차단해야 할 곳이 있다면 “외부 공기 차단”을 눌러주세요. * 표준형5W, 고급형6세대 가 적용된 차종에서 제공됩니다."
기아,차량 정비,1,빌트인 캠 이벤트 알림을 설정했는데도 알림 메세지가 오지 않습니다. 어떻게 해야 하나요?,"사고를 목격하시거나, 갑작스러운 도로 공사, 통제, 포트홀로 길이 막힌 경우, 지도안내 화면에서 해당 지점을 길게 누르면, ‘사용자 신고’를 바로 실행할 수 있습니다. 신고된 정보는 향후 안전 운행을 위한 소중한 데이터로 활용됩니다.  * 지도 정보가 이상하면 “지도정보”, 도로 카메라 정보가 잘못되어 있으면 “카메라”, 터널 등 외부 공기를 차단해야 할 곳이 있다면 “외부 공기 차단”을 눌러주세요. * 표준형5W, 고급형6세대 가 적용된 차종에서 제공됩니다."
기아,차량 정비,2,빌트인 캠이 스마트폰 USB 케이블에 연결이 잘 안됩니다. 어떻게 해야 하나요?,"① 빌트인 캠 SW 버전을 확인하시고 최신 SW로 업그레이드해 주세요. · 최신 SW 버전이 아닌 경우, 스마트폰 연결시 오류가 발생할 수 있습니다. * 최신 SW 여부 확인 방법 : 인포테인먼트 시스템의 빌트인 캠 화면에서 '빌트인 캠 설정>빌트인 캠 소프트웨어 정보'를 선택하면 차량에 설치된 SW 정보를 확인할 수 있습니다. 최신 SW 버전 정보는 빌트인 캠 업데이트 홈페이지 공지사항을 확인하십시오.   ② USB 케이블을 확인해 주세요.  · 데이터 통신이 가능한 USB 케이블 사용이 필요하며(충전용 케이블 사용 불가) 노후된 케이블 사용 시 연결이 되지 않을 수 있습니다."
기아,차량 정비,2,빌트인 캠을 업데이트 할 때 에러가 발생합니다. 어떻게 해야 하나요?,"① 빌트인 캠 SW 버전을 확인하시고 최신 SW로 업그레이드해 주세요. · 최신 SW 버전이 아닌 경우, 스마트폰 연결시 오류가 발생할 수 있습니다. * 최신 SW 여부 확인 방법 : 인포테인먼트 시스템의 빌트인 캠 화면에서 '빌트인 캠 설정>빌트인 캠 소프트웨어 정보'를 선택하면 차량에 설치된 SW 정보를 확인할 수 있습니다. 최신 SW 버전 정보는 빌트인 캠 업데이트 홈페이지 공지사항을 확인하십시오.   ② USB 케이블을 확인해 주세요.  · 데이터 통신이 가능한 USB 케이블 사용이 필요하며(충전용 케이블 사용 불가) 노후된 케이블 사용 시 연결이 되지 않을 수 있습니다."
기아,차량 정비,2,빌트인 캠 녹화 영상이 없습니다. 어떻게 해야 하나요?,"① 빌트인 캠 SW 버전을 확인하시고 최신 SW로 업그레이드해 주세요. · 최신 SW 버전이 아닌 경우, 스마트폰 연결시 오류가 발생할 수 있습니다. * 최신 SW 여부 확인 방법 : 인포테인먼트 시스템의 빌트인 캠 화면에서 '빌트인 캠 설정>빌트인 캠 소프트웨어 정보'를 선택하면 차량에 설치된 SW 정보를 확인할 수 있습니다. 최신 SW 버전 정보는 빌트인 캠 업데이트 홈페이지 공지사항을 확인하십시오.   ② USB 케이블을 확인해 주세요.  · 데이터 통신이 가능한 USB 케이블 사용이 필요하며(충전용 케이블 사용 불가) 노후된 케이블 사용 시 연결이 되지 않을 수 있습니다."
기아,차량 정비,2,EV6의 충전 도어 안에 번개 모양의 버튼은 무슨 기능인가요?,"① 빌트인 캠 SW 버전을 확인하시고 최신 SW로 업그레이드해 주세요. · 최신 SW 버전이 아닌 경우, 스마트폰 연결시 오류가 발생할 수 있습니다. * 최신 SW 여부 확인 방법 : 인포테인먼트 시스템의 빌트인 캠 화면에서 '빌트인 캠 설정>빌트인 캠 소프트웨어 정보'를 선택하면 차량에 설치된 SW 정보를 확인할 수 있습니다. 최신 SW 버전 정보는 빌트인 캠 업데이트 홈페이지 공지사항을 확인하십시오.   ② USB 케이블을 확인해 주세요.  · 데이터 통신이 가능한 USB 케이블 사용이 필요하며(충전용 케이블 사용 불가) 노후된 케이블 사용 시 연결이 되지 않을 수 있습니다."
기아,차량 정비,2,하이브리드 차량 12V 배터리 방전 시 어떻게 해야 하나요?,"① 빌트인 캠 SW 버전을 확인하시고 최신 SW로 업그레이드해 주세요. · 최신 SW 버전이 아닌 경우, 스마트폰 연결시 오류가 발생할 수 있습니다. * 최신 SW 여부 확인 방법 : 인포테인먼트 시스템의 빌트인 캠 화면에서 '빌트인 캠 설정>빌트인 캠 소프트웨어 정보'를 선택하면 차량에 설치된 SW 정보를 확인할 수 있습니다. 최신 SW 버전 정보는 빌트인 캠 업데이트 홈페이지 공지사항을 확인하십시오.   ② USB 케이블을 확인해 주세요.  · 데이터 통신이 가능한 USB 케이블 사용이 필요하며(충전용 케이블 사용 불가) 노후된 케이블 사용 시 연결이 되지 않을 수 있습니다."
기아,차량 정비,2,Kia Digital Key(NFC)란 무엇인가요?,"① 빌트인 캠 SW 버전을 확인하시고 최신 SW로 업그레이드해 주세요. · 최신 SW 버전이 아닌 경우, 스마트폰 연결시 오류가 발생할 수 있습니다. * 최신 SW 여부 확인 방법 : 인포테인먼트 시스템의 빌트인 캠 화면에서 '빌트인 캠 설정>빌트인 캠 소프트웨어 정보'를 선택하면 차량에 설치된 SW 정보를 확인할 수 있습니다. 최신 SW 버전 정보는 빌트인 캠 업데이트 홈페이지 공지사항을 확인하십시오.   ② USB 케이블을 확인해 주세요.  · 데이터 통신이 가능한 USB 케이블 사용이 필요하며(충전용 케이블 사용 불가) 노후된 케이블 사용 시 연결이 되지 않을 수 있습니다."
기아,차량 정비,2,'Kia Digital Key' App이란 무엇인가요?,"① 빌트인 캠 SW 버전을 확인하시고 최신 SW로 업그레이드해 주세요. · 최신 SW 버전이 아닌 경우, 스마트폰 연결시 오류가 발생할 수 있습니다. * 최신 SW 여부 확인 방법 : 인포테인먼트 시스템의 빌트인 캠 화면에서 '빌트인 캠 설정>빌트인 캠 소프트웨어 정보'를 선택하면 차량에 설치된 SW 정보를 확인할 수 있습니다. 최신 SW 버전 정보는 빌트인 캠 업데이트 홈페이지 공지사항을 확인하십시오.   ② USB 케이블을 확인해 주세요.  · 데이터 통신이 가능한 USB 케이블 사용이 필요하며(충전용 케이블 사용 불가) 노후된 케이블 사용 시 연결이 되지 않을 수 있습니다."
기아,차량 정비,2,차량 실내 자동 환기 해제 및 설정 방법은 어떻게 되나요?,"① 빌트인 캠 SW 버전을 확인하시고 최신 SW로 업그레이드해 주세요. · 최신 SW 버전이 아닌 경우, 스마트폰 연결시 오류가 발생할 수 있습니다. * 최신 SW 여부 확인 방법 : 인포테인먼트 시스템의 빌트인 캠 화면에서 '빌트인 캠 설정>빌트인 캠 소프트웨어 정보'를 선택하면 차량에 설치된 SW 정보를 확인할 수 있습니다. 최신 SW 버전 정보는 빌트인 캠 업데이트 홈페이지 공지사항을 확인하십시오.   ② USB 케이블을 확인해 주세요.  · 데이터 통신이 가능한 USB 케이블 사용이 필요하며(충전용 케이블 사용 불가) 노후된 케이블 사용 시 연결이 되지 않을 수 있습니다."
기아,차량 정비,2,전기차 충전기 연결 후 고전압(고전압) 배터리가 충전 안되면 어떻게 해야 하나요?,"① 빌트인 캠 SW 버전을 확인하시고 최신 SW로 업그레이드해 주세요. · 최신 SW 버전이 아닌 경우, 스마트폰 연결시 오류가 발생할 수 있습니다. * 최신 SW 여부 확인 방법 : 인포테인먼트 시스템의 빌트인 캠 화면에서 '빌트인 캠 설정>빌트인 캠 소프트웨어 정보'를 선택하면 차량에 설치된 SW 정보를 확인할 수 있습니다. 최신 SW 버전 정보는 빌트인 캠 업데이트 홈페이지 공지사항을 확인하십시오.   ② USB 케이블을 확인해 주세요.  · 데이터 통신이 가능한 USB 케이블 사용이 필요하며(충전용 케이블 사용 불가) 노후된 케이블 사용 시 연결이 되지 않을 수 있습니다."
기아,차량 정비,2,전기차 회생제동(패들 쉬프트) 사용방법은 어떻게 되나요?,"① 빌트인 캠 SW 버전을 확인하시고 최신 SW로 업그레이드해 주세요. · 최신 SW 버전이 아닌 경우, 스마트폰 연결시 오류가 발생할 수 있습니다. * 최신 SW 여부 확인 방법 : 인포테인먼트 시스템의 빌트인 캠 화면에서 '빌트인 캠 설정>빌트인 캠 소프트웨어 정보'를 선택하면 차량에 설치된 SW 정보를 확인할 수 있습니다. 최신 SW 버전 정보는 빌트인 캠 업데이트 홈페이지 공지사항을 확인하십시오.   ② USB 케이블을 확인해 주세요.  · 데이터 통신이 가능한 USB 케이블 사용이 필요하며(충전용 케이블 사용 불가) 노후된 케이블 사용 시 연결이 되지 않을 수 있습니다."
기아,차량 정비,3,셀토스 Kia Genuine Accessories 중 적외선 무릎 워머는 어떻게 사용하나요?,"운전석 스티어링 휠 하단에 적외선 무릎 워머가 있습니다. 적외선 무릎 워머를 사용하기 위해서는 운전석 쉬라우드로워 우측면 작동 스위치를 눌러줍니다. 작동 스위치 버튼을 한번 누르면 주황색 작동 표시등이 점등되면서 적외선 무릎 워머가 작동되며 다시 한번 더 누르면 주황색 작동 표시등이 점멸되면서 적외선 무릎 워머 작동이 정지됩니다.   상품 설명 · 적외선 무릎 워머의 작동 방식은 초기 작동 시 실내 온도 상승을 위하여 설정보다 높은 온도로 작동하며 그 후 설정된 온도로 작동하는 구조입니다. · 적외선 무릎 워머는 과열 방지를 위해 최대 30분간 작동 후 정지됩니다. · 적외선 무릎 워머는 주변부의 온도를 단기간에 상승시키는 기능을 하며, 차량 온열 장치의 보조 기능을 합니다. · 적외선 무릎 워머 전방에 장애물이 있을 경우 온열 성능 저하의 원인이 되며, 적외선 무릎 워머 표면에 스티커 등을 붙이거나 앞면을 막으면 안 됩니다. · 초기 작동 시 실내 온도가 작동 온도 범위 이하인 경우 온도 상승이 더딜 수 있으니 기다려 주시기 바랍니다.   주의사항 · 작동 상태에서 신체 일부를 접촉 시 화상의 위험이 있으니 접촉하지 마십시오. · 옷 등의 물건이 적외선 무릎 워머에 접촉된 상태에서는 사용하지 마십시오. · 적외선 무릎 워머 청소 시에는 부드러운 천을 사용하여 이물질을 제거 바라며, 젖은 수건이나 물티슈 등 수분이 적외선 무릎 워머 외관에 접촉되지 않도록 주의해 주십시오. · 또한 휘발성 물질 또는 유기 용제 등을 사용할 경우 변색의 우려가 있으므로 사용하지 마십시오. · 부적절한 정비는 상해 및 각종 사고의 원인일 뿐만 아니라 적외선 무릎 워머 내 안전장치의 훼손을 유발할 수 있습니다.   * 이는 제품의 작동 불량 및 차량 화재 등으로 이어질 수 있으므로 반드시 서비스센터를 이용하시기 바랍니다."
기아,차량 정비,3,차량 출고 시 장착된 타이어 및 휠을 다른 사이즈로 교환해도 되나요?,"운전석 스티어링 휠 하단에 적외선 무릎 워머가 있습니다. 적외선 무릎 워머를 사용하기 위해서는 운전석 쉬라우드로워 우측면 작동 스위치를 눌러줍니다. 작동 스위치 버튼을 한번 누르면 주황색 작동 표시등이 점등되면서 적외선 무릎 워머가 작동되며 다시 한번 더 누르면 주황색 작동 표시등이 점멸되면서 적외선 무릎 워머 작동이 정지됩니다.   상품 설명 · 적외선 무릎 워머의 작동 방식은 초기 작동 시 실내 온도 상승을 위하여 설정보다 높은 온도로 작동하며 그 후 설정된 온도로 작동하는 구조입니다. · 적외선 무릎 워머는 과열 방지를 위해 최대 30분간 작동 후 정지됩니다. · 적외선 무릎 워머는 주변부의 온도를 단기간에 상승시키는 기능을 하며, 차량 온열 장치의 보조 기능을 합니다. · 적외선 무릎 워머 전방에 장애물이 있을 경우 온열 성능 저하의 원인이 되며, 적외선 무릎 워머 표면에 스티커 등을 붙이거나 앞면을 막으면 안 됩니다. · 초기 작동 시 실내 온도가 작동 온도 범위 이하인 경우 온도 상승이 더딜 수 있으니 기다려 주시기 바랍니다.   주의사항 · 작동 상태에서 신체 일부를 접촉 시 화상의 위험이 있으니 접촉하지 마십시오. · 옷 등의 물건이 적외선 무릎 워머에 접촉된 상태에서는 사용하지 마십시오. · 적외선 무릎 워머 청소 시에는 부드러운 천을 사용하여 이물질을 제거 바라며, 젖은 수건이나 물티슈 등 수분이 적외선 무릎 워머 외관에 접촉되지 않도록 주의해 주십시오. · 또한 휘발성 물질 또는 유기 용제 등을 사용할 경우 변색의 우려가 있으므로 사용하지 마십시오. · 부적절한 정비는 상해 및 각종 사고의 원인일 뿐만 아니라 적외선 무릎 워머 내 안전장치의 훼손을 유발할 수 있습니다.   * 이는 제품의 작동 불량 및 차량 화재 등으로 이어질 수 있으므로 반드시 서비스센터를 이용하시기 바랍니다."
기아,차량 정비,3,"쏘렌토 하이브리드(4WD) 안전 하차 보조(SEA, 전자식 차일드 락 연동)은 어떤 기능인가요?","운전석 스티어링 휠 하단에 적외선 무릎 워머가 있습니다. 적외선 무릎 워머를 사용하기 위해서는 운전석 쉬라우드로워 우측면 작동 스위치를 눌러줍니다. 작동 스위치 버튼을 한번 누르면 주황색 작동 표시등이 점등되면서 적외선 무릎 워머가 작동되며 다시 한번 더 누르면 주황색 작동 표시등이 점멸되면서 적외선 무릎 워머 작동이 정지됩니다.   상품 설명 · 적외선 무릎 워머의 작동 방식은 초기 작동 시 실내 온도 상승을 위하여 설정보다 높은 온도로 작동하며 그 후 설정된 온도로 작동하는 구조입니다. · 적외선 무릎 워머는 과열 방지를 위해 최대 30분간 작동 후 정지됩니다. · 적외선 무릎 워머는 주변부의 온도를 단기간에 상승시키는 기능을 하며, 차량 온열 장치의 보조 기능을 합니다. · 적외선 무릎 워머 전방에 장애물이 있을 경우 온열 성능 저하의 원인이 되며, 적외선 무릎 워머 표면에 스티커 등을 붙이거나 앞면을 막으면 안 됩니다. · 초기 작동 시 실내 온도가 작동 온도 범위 이하인 경우 온도 상승이 더딜 수 있으니 기다려 주시기 바랍니다.   주의사항 · 작동 상태에서 신체 일부를 접촉 시 화상의 위험이 있으니 접촉하지 마십시오. · 옷 등의 물건이 적외선 무릎 워머에 접촉된 상태에서는 사용하지 마십시오. · 적외선 무릎 워머 청소 시에는 부드러운 천을 사용하여 이물질을 제거 바라며, 젖은 수건이나 물티슈 등 수분이 적외선 무릎 워머 외관에 접촉되지 않도록 주의해 주십시오. · 또한 휘발성 물질 또는 유기 용제 등을 사용할 경우 변색의 우려가 있으므로 사용하지 마십시오. · 부적절한 정비는 상해 및 각종 사고의 원인일 뿐만 아니라 적외선 무릎 워머 내 안전장치의 훼손을 유발할 수 있습니다.   * 이는 제품의 작동 불량 및 차량 화재 등으로 이어질 수 있으므로 반드시 서비스센터를 이용하시기 바랍니다."
기아,차량 정비,3,하이브리드 차종 스마트 모드 선택 후 시동을 껐다 켜면 모드가 변하나요?,"운전석 스티어링 휠 하단에 적외선 무릎 워머가 있습니다. 적외선 무릎 워머를 사용하기 위해서는 운전석 쉬라우드로워 우측면 작동 스위치를 눌러줍니다. 작동 스위치 버튼을 한번 누르면 주황색 작동 표시등이 점등되면서 적외선 무릎 워머가 작동되며 다시 한번 더 누르면 주황색 작동 표시등이 점멸되면서 적외선 무릎 워머 작동이 정지됩니다.   상품 설명 · 적외선 무릎 워머의 작동 방식은 초기 작동 시 실내 온도 상승을 위하여 설정보다 높은 온도로 작동하며 그 후 설정된 온도로 작동하는 구조입니다. · 적외선 무릎 워머는 과열 방지를 위해 최대 30분간 작동 후 정지됩니다. · 적외선 무릎 워머는 주변부의 온도를 단기간에 상승시키는 기능을 하며, 차량 온열 장치의 보조 기능을 합니다. · 적외선 무릎 워머 전방에 장애물이 있을 경우 온열 성능 저하의 원인이 되며, 적외선 무릎 워머 표면에 스티커 등을 붙이거나 앞면을 막으면 안 됩니다. · 초기 작동 시 실내 온도가 작동 온도 범위 이하인 경우 온도 상승이 더딜 수 있으니 기다려 주시기 바랍니다.   주의사항 · 작동 상태에서 신체 일부를 접촉 시 화상의 위험이 있으니 접촉하지 마십시오. · 옷 등의 물건이 적외선 무릎 워머에 접촉된 상태에서는 사용하지 마십시오. · 적외선 무릎 워머 청소 시에는 부드러운 천을 사용하여 이물질을 제거 바라며, 젖은 수건이나 물티슈 등 수분이 적외선 무릎 워머 외관에 접촉되지 않도록 주의해 주십시오. · 또한 휘발성 물질 또는 유기 용제 등을 사용할 경우 변색의 우려가 있으므로 사용하지 마십시오. · 부적절한 정비는 상해 및 각종 사고의 원인일 뿐만 아니라 적외선 무릎 워머 내 안전장치의 훼손을 유발할 수 있습니다.   * 이는 제품의 작동 불량 및 차량 화재 등으로 이어질 수 있으므로 반드시 서비스센터를 이용하시기 바랍니다."
기아,차량 정비,3,헤드업 디스플레이 영상이 잘 보이지 않아요. 왜 그런가요?,"운전석 스티어링 휠 하단에 적외선 무릎 워머가 있습니다. 적외선 무릎 워머를 사용하기 위해서는 운전석 쉬라우드로워 우측면 작동 스위치를 눌러줍니다. 작동 스위치 버튼을 한번 누르면 주황색 작동 표시등이 점등되면서 적외선 무릎 워머가 작동되며 다시 한번 더 누르면 주황색 작동 표시등이 점멸되면서 적외선 무릎 워머 작동이 정지됩니다.   상품 설명 · 적외선 무릎 워머의 작동 방식은 초기 작동 시 실내 온도 상승을 위하여 설정보다 높은 온도로 작동하며 그 후 설정된 온도로 작동하는 구조입니다. · 적외선 무릎 워머는 과열 방지를 위해 최대 30분간 작동 후 정지됩니다. · 적외선 무릎 워머는 주변부의 온도를 단기간에 상승시키는 기능을 하며, 차량 온열 장치의 보조 기능을 합니다. · 적외선 무릎 워머 전방에 장애물이 있을 경우 온열 성능 저하의 원인이 되며, 적외선 무릎 워머 표면에 스티커 등을 붙이거나 앞면을 막으면 안 됩니다. · 초기 작동 시 실내 온도가 작동 온도 범위 이하인 경우 온도 상승이 더딜 수 있으니 기다려 주시기 바랍니다.   주의사항 · 작동 상태에서 신체 일부를 접촉 시 화상의 위험이 있으니 접촉하지 마십시오. · 옷 등의 물건이 적외선 무릎 워머에 접촉된 상태에서는 사용하지 마십시오. · 적외선 무릎 워머 청소 시에는 부드러운 천을 사용하여 이물질을 제거 바라며, 젖은 수건이나 물티슈 등 수분이 적외선 무릎 워머 외관에 접촉되지 않도록 주의해 주십시오. · 또한 휘발성 물질 또는 유기 용제 등을 사용할 경우 변색의 우려가 있으므로 사용하지 마십시오. · 부적절한 정비는 상해 및 각종 사고의 원인일 뿐만 아니라 적외선 무릎 워머 내 안전장치의 훼손을 유발할 수 있습니다.   * 이는 제품의 작동 불량 및 차량 화재 등으로 이어질 수 있으므로 반드시 서비스센터를 이용하시기 바랍니다."
기아,차량 정비,3,Kia Pay는 어떻게 사용하나요?,"운전석 스티어링 휠 하단에 적외선 무릎 워머가 있습니다. 적외선 무릎 워머를 사용하기 위해서는 운전석 쉬라우드로워 우측면 작동 스위치를 눌러줍니다. 작동 스위치 버튼을 한번 누르면 주황색 작동 표시등이 점등되면서 적외선 무릎 워머가 작동되며 다시 한번 더 누르면 주황색 작동 표시등이 점멸되면서 적외선 무릎 워머 작동이 정지됩니다.   상품 설명 · 적외선 무릎 워머의 작동 방식은 초기 작동 시 실내 온도 상승을 위하여 설정보다 높은 온도로 작동하며 그 후 설정된 온도로 작동하는 구조입니다. · 적외선 무릎 워머는 과열 방지를 위해 최대 30분간 작동 후 정지됩니다. · 적외선 무릎 워머는 주변부의 온도를 단기간에 상승시키는 기능을 하며, 차량 온열 장치의 보조 기능을 합니다. · 적외선 무릎 워머 전방에 장애물이 있을 경우 온열 성능 저하의 원인이 되며, 적외선 무릎 워머 표면에 스티커 등을 붙이거나 앞면을 막으면 안 됩니다. · 초기 작동 시 실내 온도가 작동 온도 범위 이하인 경우 온도 상승이 더딜 수 있으니 기다려 주시기 바랍니다.   주의사항 · 작동 상태에서 신체 일부를 접촉 시 화상의 위험이 있으니 접촉하지 마십시오. · 옷 등의 물건이 적외선 무릎 워머에 접촉된 상태에서는 사용하지 마십시오. · 적외선 무릎 워머 청소 시에는 부드러운 천을 사용하여 이물질을 제거 바라며, 젖은 수건이나 물티슈 등 수분이 적외선 무릎 워머 외관에 접촉되지 않도록 주의해 주십시오. · 또한 휘발성 물질 또는 유기 용제 등을 사용할 경우 변색의 우려가 있으므로 사용하지 마십시오. · 부적절한 정비는 상해 및 각종 사고의 원인일 뿐만 아니라 적외선 무릎 워머 내 안전장치의 훼손을 유발할 수 있습니다.   * 이는 제품의 작동 불량 및 차량 화재 등으로 이어질 수 있으므로 반드시 서비스센터를 이용하시기 바랍니다."
기아,차량 정비,3,"전조등 각도 조절장치는 어떤 장치이며, 어떻게 설정/사용하나요?","운전석 스티어링 휠 하단에 적외선 무릎 워머가 있습니다. 적외선 무릎 워머를 사용하기 위해서는 운전석 쉬라우드로워 우측면 작동 스위치를 눌러줍니다. 작동 스위치 버튼을 한번 누르면 주황색 작동 표시등이 점등되면서 적외선 무릎 워머가 작동되며 다시 한번 더 누르면 주황색 작동 표시등이 점멸되면서 적외선 무릎 워머 작동이 정지됩니다.   상품 설명 · 적외선 무릎 워머의 작동 방식은 초기 작동 시 실내 온도 상승을 위하여 설정보다 높은 온도로 작동하며 그 후 설정된 온도로 작동하는 구조입니다. · 적외선 무릎 워머는 과열 방지를 위해 최대 30분간 작동 후 정지됩니다. · 적외선 무릎 워머는 주변부의 온도를 단기간에 상승시키는 기능을 하며, 차량 온열 장치의 보조 기능을 합니다. · 적외선 무릎 워머 전방에 장애물이 있을 경우 온열 성능 저하의 원인이 되며, 적외선 무릎 워머 표면에 스티커 등을 붙이거나 앞면을 막으면 안 됩니다. · 초기 작동 시 실내 온도가 작동 온도 범위 이하인 경우 온도 상승이 더딜 수 있으니 기다려 주시기 바랍니다.   주의사항 · 작동 상태에서 신체 일부를 접촉 시 화상의 위험이 있으니 접촉하지 마십시오. · 옷 등의 물건이 적외선 무릎 워머에 접촉된 상태에서는 사용하지 마십시오. · 적외선 무릎 워머 청소 시에는 부드러운 천을 사용하여 이물질을 제거 바라며, 젖은 수건이나 물티슈 등 수분이 적외선 무릎 워머 외관에 접촉되지 않도록 주의해 주십시오. · 또한 휘발성 물질 또는 유기 용제 등을 사용할 경우 변색의 우려가 있으므로 사용하지 마십시오. · 부적절한 정비는 상해 및 각종 사고의 원인일 뿐만 아니라 적외선 무릎 워머 내 안전장치의 훼손을 유발할 수 있습니다.   * 이는 제품의 작동 불량 및 차량 화재 등으로 이어질 수 있으므로 반드시 서비스센터를 이용하시기 바랍니다."
기아,차량 정비,3,4세대 쏘렌토 차량의 후진 연동 사이드미러 각도 조절은 어떻게 하나요?,"운전석 스티어링 휠 하단에 적외선 무릎 워머가 있습니다. 적외선 무릎 워머를 사용하기 위해서는 운전석 쉬라우드로워 우측면 작동 스위치를 눌러줍니다. 작동 스위치 버튼을 한번 누르면 주황색 작동 표시등이 점등되면서 적외선 무릎 워머가 작동되며 다시 한번 더 누르면 주황색 작동 표시등이 점멸되면서 적외선 무릎 워머 작동이 정지됩니다.   상품 설명 · 적외선 무릎 워머의 작동 방식은 초기 작동 시 실내 온도 상승을 위하여 설정보다 높은 온도로 작동하며 그 후 설정된 온도로 작동하는 구조입니다. · 적외선 무릎 워머는 과열 방지를 위해 최대 30분간 작동 후 정지됩니다. · 적외선 무릎 워머는 주변부의 온도를 단기간에 상승시키는 기능을 하며, 차량 온열 장치의 보조 기능을 합니다. · 적외선 무릎 워머 전방에 장애물이 있을 경우 온열 성능 저하의 원인이 되며, 적외선 무릎 워머 표면에 스티커 등을 붙이거나 앞면을 막으면 안 됩니다. · 초기 작동 시 실내 온도가 작동 온도 범위 이하인 경우 온도 상승이 더딜 수 있으니 기다려 주시기 바랍니다.   주의사항 · 작동 상태에서 신체 일부를 접촉 시 화상의 위험이 있으니 접촉하지 마십시오. · 옷 등의 물건이 적외선 무릎 워머에 접촉된 상태에서는 사용하지 마십시오. · 적외선 무릎 워머 청소 시에는 부드러운 천을 사용하여 이물질을 제거 바라며, 젖은 수건이나 물티슈 등 수분이 적외선 무릎 워머 외관에 접촉되지 않도록 주의해 주십시오. · 또한 휘발성 물질 또는 유기 용제 등을 사용할 경우 변색의 우려가 있으므로 사용하지 마십시오. · 부적절한 정비는 상해 및 각종 사고의 원인일 뿐만 아니라 적외선 무릎 워머 내 안전장치의 훼손을 유발할 수 있습니다.   * 이는 제품의 작동 불량 및 차량 화재 등으로 이어질 수 있으므로 반드시 서비스센터를 이용하시기 바랍니다."
기아,차량 정비,3,리모트 360˚ 뷰가 어떤 기능인가요?,"운전석 스티어링 휠 하단에 적외선 무릎 워머가 있습니다. 적외선 무릎 워머를 사용하기 위해서는 운전석 쉬라우드로워 우측면 작동 스위치를 눌러줍니다. 작동 스위치 버튼을 한번 누르면 주황색 작동 표시등이 점등되면서 적외선 무릎 워머가 작동되며 다시 한번 더 누르면 주황색 작동 표시등이 점멸되면서 적외선 무릎 워머 작동이 정지됩니다.   상품 설명 · 적외선 무릎 워머의 작동 방식은 초기 작동 시 실내 온도 상승을 위하여 설정보다 높은 온도로 작동하며 그 후 설정된 온도로 작동하는 구조입니다. · 적외선 무릎 워머는 과열 방지를 위해 최대 30분간 작동 후 정지됩니다. · 적외선 무릎 워머는 주변부의 온도를 단기간에 상승시키는 기능을 하며, 차량 온열 장치의 보조 기능을 합니다. · 적외선 무릎 워머 전방에 장애물이 있을 경우 온열 성능 저하의 원인이 되며, 적외선 무릎 워머 표면에 스티커 등을 붙이거나 앞면을 막으면 안 됩니다. · 초기 작동 시 실내 온도가 작동 온도 범위 이하인 경우 온도 상승이 더딜 수 있으니 기다려 주시기 바랍니다.   주의사항 · 작동 상태에서 신체 일부를 접촉 시 화상의 위험이 있으니 접촉하지 마십시오. · 옷 등의 물건이 적외선 무릎 워머에 접촉된 상태에서는 사용하지 마십시오. · 적외선 무릎 워머 청소 시에는 부드러운 천을 사용하여 이물질을 제거 바라며, 젖은 수건이나 물티슈 등 수분이 적외선 무릎 워머 외관에 접촉되지 않도록 주의해 주십시오. · 또한 휘발성 물질 또는 유기 용제 등을 사용할 경우 변색의 우려가 있으므로 사용하지 마십시오. · 부적절한 정비는 상해 및 각종 사고의 원인일 뿐만 아니라 적외선 무릎 워머 내 안전장치의 훼손을 유발할 수 있습니다.   * 이는 제품의 작동 불량 및 차량 화재 등으로 이어질 수 있으므로 반드시 서비스센터를 이용하시기 바랍니다."
기아,차량 정비,3,전자식 변속 다이얼 자동변속기 차량의 중립 주차 방법이 어떻게 되나요?,"운전석 스티어링 휠 하단에 적외선 무릎 워머가 있습니다. 적외선 무릎 워머를 사용하기 위해서는 운전석 쉬라우드로워 우측면 작동 스위치를 눌러줍니다. 작동 스위치 버튼을 한번 누르면 주황색 작동 표시등이 점등되면서 적외선 무릎 워머가 작동되며 다시 한번 더 누르면 주황색 작동 표시등이 점멸되면서 적외선 무릎 워머 작동이 정지됩니다.   상품 설명 · 적외선 무릎 워머의 작동 방식은 초기 작동 시 실내 온도 상승을 위하여 설정보다 높은 온도로 작동하며 그 후 설정된 온도로 작동하는 구조입니다. · 적외선 무릎 워머는 과열 방지를 위해 최대 30분간 작동 후 정지됩니다. · 적외선 무릎 워머는 주변부의 온도를 단기간에 상승시키는 기능을 하며, 차량 온열 장치의 보조 기능을 합니다. · 적외선 무릎 워머 전방에 장애물이 있을 경우 온열 성능 저하의 원인이 되며, 적외선 무릎 워머 표면에 스티커 등을 붙이거나 앞면을 막으면 안 됩니다. · 초기 작동 시 실내 온도가 작동 온도 범위 이하인 경우 온도 상승이 더딜 수 있으니 기다려 주시기 바랍니다.   주의사항 · 작동 상태에서 신체 일부를 접촉 시 화상의 위험이 있으니 접촉하지 마십시오. · 옷 등의 물건이 적외선 무릎 워머에 접촉된 상태에서는 사용하지 마십시오. · 적외선 무릎 워머 청소 시에는 부드러운 천을 사용하여 이물질을 제거 바라며, 젖은 수건이나 물티슈 등 수분이 적외선 무릎 워머 외관에 접촉되지 않도록 주의해 주십시오. · 또한 휘발성 물질 또는 유기 용제 등을 사용할 경우 변색의 우려가 있으므로 사용하지 마십시오. · 부적절한 정비는 상해 및 각종 사고의 원인일 뿐만 아니라 적외선 무릎 워머 내 안전장치의 훼손을 유발할 수 있습니다.   * 이는 제품의 작동 불량 및 차량 화재 등으로 이어질 수 있으므로 반드시 서비스센터를 이용하시기 바랍니다."
기아,차량 정비,4,"리콜/무상수리 고객 통지문을 받았는데, 어디서 정비를 받아야 하나요?","우편으로 받으신 '리콜 고객 통지문'에는 기아에서 운영하는 직영 서비스센터의 연락처가 기재되어 있으며, 고객님 인근 지역의 서비스 협력사(오토큐)에서도 서비스를 받으실 수 있습니다. * 직영 서비스센터/서비스 협력사 입고 전 예약은 필수이며, 대기 차량 및 부품 보유 여부를 전화로 확인하신 후 입고하시기 바랍니다.   MyKia 리콜 고객 통지문 확인 방법 : 전체 메뉴 > 내 차 정보 > 무상 수리 안내 팝업  오토큐 예약 방법 : 구글 플레이스토어 또는 애플 앱스토어에서 'MyKia' 검색/설치 및 가입 후 아래의 방법으로 예약 ① 내 차 관리 > 정비 예약  ② 차량 선택 ③ 정비 항목 - 무상수리(리콜) 및 서비스 거점(직영 서비스 센터 또는 오토큐 선택) ④ 날짜 선택 ⑤ 예약 정보 확인"
기아,차량 정비,4,다중 충돌 방지 자동 제동 시스템이 무엇인가요?,"우편으로 받으신 '리콜 고객 통지문'에는 기아에서 운영하는 직영 서비스센터의 연락처가 기재되어 있으며, 고객님 인근 지역의 서비스 협력사(오토큐)에서도 서비스를 받으실 수 있습니다. * 직영 서비스센터/서비스 협력사 입고 전 예약은 필수이며, 대기 차량 및 부품 보유 여부를 전화로 확인하신 후 입고하시기 바랍니다.   MyKia 리콜 고객 통지문 확인 방법 : 전체 메뉴 > 내 차 정보 > 무상 수리 안내 팝업  오토큐 예약 방법 : 구글 플레이스토어 또는 애플 앱스토어에서 'MyKia' 검색/설치 및 가입 후 아래의 방법으로 예약 ① 내 차 관리 > 정비 예약  ② 차량 선택 ③ 정비 항목 - 무상수리(리콜) 및 서비스 거점(직영 서비스 센터 또는 오토큐 선택) ④ 날짜 선택 ⑤ 예약 정보 확인"
기아,차량 정비,4,기아 디지털 키에 대해 알기 쉽게 확인하는 방법이 있나요?,"우편으로 받으신 '리콜 고객 통지문'에는 기아에서 운영하는 직영 서비스센터의 연락처가 기재되어 있으며, 고객님 인근 지역의 서비스 협력사(오토큐)에서도 서비스를 받으실 수 있습니다. * 직영 서비스센터/서비스 협력사 입고 전 예약은 필수이며, 대기 차량 및 부품 보유 여부를 전화로 확인하신 후 입고하시기 바랍니다.   MyKia 리콜 고객 통지문 확인 방법 : 전체 메뉴 > 내 차 정보 > 무상 수리 안내 팝업  오토큐 예약 방법 : 구글 플레이스토어 또는 애플 앱스토어에서 'MyKia' 검색/설치 및 가입 후 아래의 방법으로 예약 ① 내 차 관리 > 정비 예약  ② 차량 선택 ③ 정비 항목 - 무상수리(리콜) 및 서비스 거점(직영 서비스 센터 또는 오토큐 선택) ④ 날짜 선택 ⑤ 예약 정보 확인"
기아,차량 정비,4,NFC 카드 키 등록 방법 및 주의사항은 무엇인가요?,"우편으로 받으신 '리콜 고객 통지문'에는 기아에서 운영하는 직영 서비스센터의 연락처가 기재되어 있으며, 고객님 인근 지역의 서비스 협력사(오토큐)에서도 서비스를 받으실 수 있습니다. * 직영 서비스센터/서비스 협력사 입고 전 예약은 필수이며, 대기 차량 및 부품 보유 여부를 전화로 확인하신 후 입고하시기 바랍니다.   MyKia 리콜 고객 통지문 확인 방법 : 전체 메뉴 > 내 차 정보 > 무상 수리 안내 팝업  오토큐 예약 방법 : 구글 플레이스토어 또는 애플 앱스토어에서 'MyKia' 검색/설치 및 가입 후 아래의 방법으로 예약 ① 내 차 관리 > 정비 예약  ② 차량 선택 ③ 정비 항목 - 무상수리(리콜) 및 서비스 거점(직영 서비스 센터 또는 오토큐 선택) ④ 날짜 선택 ⑤ 예약 정보 확인"
기아,차량 정비,4,"디지털 키 기능이 있는 차량을 중고로 구입했는데, 디지털 키 사용을 어떻게 해야 하나요?","우편으로 받으신 '리콜 고객 통지문'에는 기아에서 운영하는 직영 서비스센터의 연락처가 기재되어 있으며, 고객님 인근 지역의 서비스 협력사(오토큐)에서도 서비스를 받으실 수 있습니다. * 직영 서비스센터/서비스 협력사 입고 전 예약은 필수이며, 대기 차량 및 부품 보유 여부를 전화로 확인하신 후 입고하시기 바랍니다.   MyKia 리콜 고객 통지문 확인 방법 : 전체 메뉴 > 내 차 정보 > 무상 수리 안내 팝업  오토큐 예약 방법 : 구글 플레이스토어 또는 애플 앱스토어에서 'MyKia' 검색/설치 및 가입 후 아래의 방법으로 예약 ① 내 차 관리 > 정비 예약  ② 차량 선택 ③ 정비 항목 - 무상수리(리콜) 및 서비스 거점(직영 서비스 센터 또는 오토큐 선택) ④ 날짜 선택 ⑤ 예약 정보 확인"
기아,차량 정비,4,법인 명의 차량의 디지털 키 관리는 어떻게 해야 하나요?,"우편으로 받으신 '리콜 고객 통지문'에는 기아에서 운영하는 직영 서비스센터의 연락처가 기재되어 있으며, 고객님 인근 지역의 서비스 협력사(오토큐)에서도 서비스를 받으실 수 있습니다. * 직영 서비스센터/서비스 협력사 입고 전 예약은 필수이며, 대기 차량 및 부품 보유 여부를 전화로 확인하신 후 입고하시기 바랍니다.   MyKia 리콜 고객 통지문 확인 방법 : 전체 메뉴 > 내 차 정보 > 무상 수리 안내 팝업  오토큐 예약 방법 : 구글 플레이스토어 또는 애플 앱스토어에서 'MyKia' 검색/설치 및 가입 후 아래의 방법으로 예약 ① 내 차 관리 > 정비 예약  ② 차량 선택 ③ 정비 항목 - 무상수리(리콜) 및 서비스 거점(직영 서비스 센터 또는 오토큐 선택) ④ 날짜 선택 ⑤ 예약 정보 확인"
기아,차량 정비,4,K5에 적용된 음성 인식 차량 제어가 어떤 기능인가요?,"우편으로 받으신 '리콜 고객 통지문'에는 기아에서 운영하는 직영 서비스센터의 연락처가 기재되어 있으며, 고객님 인근 지역의 서비스 협력사(오토큐)에서도 서비스를 받으실 수 있습니다. * 직영 서비스센터/서비스 협력사 입고 전 예약은 필수이며, 대기 차량 및 부품 보유 여부를 전화로 확인하신 후 입고하시기 바랍니다.   MyKia 리콜 고객 통지문 확인 방법 : 전체 메뉴 > 내 차 정보 > 무상 수리 안내 팝업  오토큐 예약 방법 : 구글 플레이스토어 또는 애플 앱스토어에서 'MyKia' 검색/설치 및 가입 후 아래의 방법으로 예약 ① 내 차 관리 > 정비 예약  ② 차량 선택 ③ 정비 항목 - 무상수리(리콜) 및 서비스 거점(직영 서비스 센터 또는 오토큐 선택) ④ 날짜 선택 ⑤ 예약 정보 확인"
기아,차량 정비,4,K5에 적용된 원격 스마트 주차 보조가 어떤 기능인가요?,"우편으로 받으신 '리콜 고객 통지문'에는 기아에서 운영하는 직영 서비스센터의 연락처가 기재되어 있으며, 고객님 인근 지역의 서비스 협력사(오토큐)에서도 서비스를 받으실 수 있습니다. * 직영 서비스센터/서비스 협력사 입고 전 예약은 필수이며, 대기 차량 및 부품 보유 여부를 전화로 확인하신 후 입고하시기 바랍니다.   MyKia 리콜 고객 통지문 확인 방법 : 전체 메뉴 > 내 차 정보 > 무상 수리 안내 팝업  오토큐 예약 방법 : 구글 플레이스토어 또는 애플 앱스토어에서 'MyKia' 검색/설치 및 가입 후 아래의 방법으로 예약 ① 내 차 관리 > 정비 예약  ② 차량 선택 ③ 정비 항목 - 무상수리(리콜) 및 서비스 거점(직영 서비스 센터 또는 오토큐 선택) ④ 날짜 선택 ⑤ 예약 정보 확인"
기아,차량 정비,4,폭설 시 어떻게 행동하는 것이 좋은가요?,"우편으로 받으신 '리콜 고객 통지문'에는 기아에서 운영하는 직영 서비스센터의 연락처가 기재되어 있으며, 고객님 인근 지역의 서비스 협력사(오토큐)에서도 서비스를 받으실 수 있습니다. * 직영 서비스센터/서비스 협력사 입고 전 예약은 필수이며, 대기 차량 및 부품 보유 여부를 전화로 확인하신 후 입고하시기 바랍니다.   MyKia 리콜 고객 통지문 확인 방법 : 전체 메뉴 > 내 차 정보 > 무상 수리 안내 팝업  오토큐 예약 방법 : 구글 플레이스토어 또는 애플 앱스토어에서 'MyKia' 검색/설치 및 가입 후 아래의 방법으로 예약 ① 내 차 관리 > 정비 예약  ② 차량 선택 ③ 정비 항목 - 무상수리(리콜) 및 서비스 거점(직영 서비스 센터 또는 오토큐 선택) ④ 날짜 선택 ⑤ 예약 정보 확인"
기아,차량 정비,4,공기 청정 에어 솔루션이 무엇인가요?,"우편으로 받으신 '리콜 고객 통지문'에는 기아에서 운영하는 직영 서비스센터의 연락처가 기재되어 있으며, 고객님 인근 지역의 서비스 협력사(오토큐)에서도 서비스를 받으실 수 있습니다. * 직영 서비스센터/서비스 협력사 입고 전 예약은 필수이며, 대기 차량 및 부품 보유 여부를 전화로 확인하신 후 입고하시기 바랍니다.   MyKia 리콜 고객 통지문 확인 방법 : 전체 메뉴 > 내 차 정보 > 무상 수리 안내 팝업  오토큐 예약 방법 : 구글 플레이스토어 또는 애플 앱스토어에서 'MyKia' 검색/설치 및 가입 후 아래의 방법으로 예약 ① 내 차 관리 > 정비 예약  ② 차량 선택 ③ 정비 항목 - 무상수리(리콜) 및 서비스 거점(직영 서비스 센터 또는 오토큐 선택) ④ 날짜 선택 ⑤ 예약 정보 확인"
기아,차량 정비,5,친환경 전기차 충전카드는 어떻게 발급받나요?,"공공충전기에서 사용하실 수 있는 충전카드를 발급받으실 수 있습니다.  환경부 충전카드는 기본으로 발급받으시고, 기아 충전 파트너사 카드를 추가로 발급 받으실 수 있습니다.   환경부 충전카드 발급 ① 환경부 전기차 충전소 홈페이지를 통한 회원가입 및 회원카드 신청 가능 ② 회원가입 고객 대상 차종 및 출고/등록 여부 확인 즉시 충전카드 발송 ③ 충전카드 수령(3~4일 소요) 후 홈페이지 카드 사용 등록 시 공용 충전기 이용 가능 * (2019년 기준) 환경부 중심으로 전체 민간 충전사업자 통합   기아차 충전 파트너사 가입 및 멤버십 카드 발급 ① 기아차 충전 파트너사 홈페이지(한국전기차 충전 서비스, 에스트래픽)를 통한 회원가입 및 멤버십 카드 신청 ② 파트너사 멤버십 카드 수령(3~5일 소요) 후 파트너사 멤버십 카드로도 공용 충전기 이용 가능 * 유의 사항 : 충전 파트너사 멤버십 미가입 시 레드 포인트 사용 불가   환경부 전기차 충전소"
기아,차량 정비,5,K7 프리미어 전자식 변속레버 자동변속기 차량의 중립 주차 방법이 어떻게 되나요?,"공공충전기에서 사용하실 수 있는 충전카드를 발급받으실 수 있습니다.  환경부 충전카드는 기본으로 발급받으시고, 기아 충전 파트너사 카드를 추가로 발급 받으실 수 있습니다.   환경부 충전카드 발급 ① 환경부 전기차 충전소 홈페이지를 통한 회원가입 및 회원카드 신청 가능 ② 회원가입 고객 대상 차종 및 출고/등록 여부 확인 즉시 충전카드 발송 ③ 충전카드 수령(3~4일 소요) 후 홈페이지 카드 사용 등록 시 공용 충전기 이용 가능 * (2019년 기준) 환경부 중심으로 전체 민간 충전사업자 통합   기아차 충전 파트너사 가입 및 멤버십 카드 발급 ① 기아차 충전 파트너사 홈페이지(한국전기차 충전 서비스, 에스트래픽)를 통한 회원가입 및 멤버십 카드 신청 ② 파트너사 멤버십 카드 수령(3~5일 소요) 후 파트너사 멤버십 카드로도 공용 충전기 이용 가능 * 유의 사항 : 충전 파트너사 멤버십 미가입 시 레드 포인트 사용 불가   환경부 전기차 충전소"
기아,차량 정비,5,"신차는 자동세차를 이용하면 안 좋다는데, 사실인가요?","공공충전기에서 사용하실 수 있는 충전카드를 발급받으실 수 있습니다.  환경부 충전카드는 기본으로 발급받으시고, 기아 충전 파트너사 카드를 추가로 발급 받으실 수 있습니다.   환경부 충전카드 발급 ① 환경부 전기차 충전소 홈페이지를 통한 회원가입 및 회원카드 신청 가능 ② 회원가입 고객 대상 차종 및 출고/등록 여부 확인 즉시 충전카드 발송 ③ 충전카드 수령(3~4일 소요) 후 홈페이지 카드 사용 등록 시 공용 충전기 이용 가능 * (2019년 기준) 환경부 중심으로 전체 민간 충전사업자 통합   기아차 충전 파트너사 가입 및 멤버십 카드 발급 ① 기아차 충전 파트너사 홈페이지(한국전기차 충전 서비스, 에스트래픽)를 통한 회원가입 및 멤버십 카드 신청 ② 파트너사 멤버십 카드 수령(3~5일 소요) 후 파트너사 멤버십 카드로도 공용 충전기 이용 가능 * 유의 사항 : 충전 파트너사 멤버십 미가입 시 레드 포인트 사용 불가   환경부 전기차 충전소"
기아,차량 정비,5,시트 관리 방법을 알려주세요.,"공공충전기에서 사용하실 수 있는 충전카드를 발급받으실 수 있습니다.  환경부 충전카드는 기본으로 발급받으시고, 기아 충전 파트너사 카드를 추가로 발급 받으실 수 있습니다.   환경부 충전카드 발급 ① 환경부 전기차 충전소 홈페이지를 통한 회원가입 및 회원카드 신청 가능 ② 회원가입 고객 대상 차종 및 출고/등록 여부 확인 즉시 충전카드 발송 ③ 충전카드 수령(3~4일 소요) 후 홈페이지 카드 사용 등록 시 공용 충전기 이용 가능 * (2019년 기준) 환경부 중심으로 전체 민간 충전사업자 통합   기아차 충전 파트너사 가입 및 멤버십 카드 발급 ① 기아차 충전 파트너사 홈페이지(한국전기차 충전 서비스, 에스트래픽)를 통한 회원가입 및 멤버십 카드 신청 ② 파트너사 멤버십 카드 수령(3~5일 소요) 후 파트너사 멤버십 카드로도 공용 충전기 이용 가능 * 유의 사항 : 충전 파트너사 멤버십 미가입 시 레드 포인트 사용 불가   환경부 전기차 충전소"
기아,차량 정비,5,차량 내장 손질 방법을 알려주세요.,"공공충전기에서 사용하실 수 있는 충전카드를 발급받으실 수 있습니다.  환경부 충전카드는 기본으로 발급받으시고, 기아 충전 파트너사 카드를 추가로 발급 받으실 수 있습니다.   환경부 충전카드 발급 ① 환경부 전기차 충전소 홈페이지를 통한 회원가입 및 회원카드 신청 가능 ② 회원가입 고객 대상 차종 및 출고/등록 여부 확인 즉시 충전카드 발송 ③ 충전카드 수령(3~4일 소요) 후 홈페이지 카드 사용 등록 시 공용 충전기 이용 가능 * (2019년 기준) 환경부 중심으로 전체 민간 충전사업자 통합   기아차 충전 파트너사 가입 및 멤버십 카드 발급 ① 기아차 충전 파트너사 홈페이지(한국전기차 충전 서비스, 에스트래픽)를 통한 회원가입 및 멤버십 카드 신청 ② 파트너사 멤버십 카드 수령(3~5일 소요) 후 파트너사 멤버십 카드로도 공용 충전기 이용 가능 * 유의 사항 : 충전 파트너사 멤버십 미가입 시 레드 포인트 사용 불가   환경부 전기차 충전소"
기아,차량 정비,5,2열 도어 하단에 부착된 스티커는 무엇인가요?,"공공충전기에서 사용하실 수 있는 충전카드를 발급받으실 수 있습니다.  환경부 충전카드는 기본으로 발급받으시고, 기아 충전 파트너사 카드를 추가로 발급 받으실 수 있습니다.   환경부 충전카드 발급 ① 환경부 전기차 충전소 홈페이지를 통한 회원가입 및 회원카드 신청 가능 ② 회원가입 고객 대상 차종 및 출고/등록 여부 확인 즉시 충전카드 발송 ③ 충전카드 수령(3~4일 소요) 후 홈페이지 카드 사용 등록 시 공용 충전기 이용 가능 * (2019년 기준) 환경부 중심으로 전체 민간 충전사업자 통합   기아차 충전 파트너사 가입 및 멤버십 카드 발급 ① 기아차 충전 파트너사 홈페이지(한국전기차 충전 서비스, 에스트래픽)를 통한 회원가입 및 멤버십 카드 신청 ② 파트너사 멤버십 카드 수령(3~5일 소요) 후 파트너사 멤버십 카드로도 공용 충전기 이용 가능 * 유의 사항 : 충전 파트너사 멤버십 미가입 시 레드 포인트 사용 불가   환경부 전기차 충전소"
기아,차량 정비,5,셀토스 차량의 사운드 무드 램프에는 어떤 컬러가 있나요?,"공공충전기에서 사용하실 수 있는 충전카드를 발급받으실 수 있습니다.  환경부 충전카드는 기본으로 발급받으시고, 기아 충전 파트너사 카드를 추가로 발급 받으실 수 있습니다.   환경부 충전카드 발급 ① 환경부 전기차 충전소 홈페이지를 통한 회원가입 및 회원카드 신청 가능 ② 회원가입 고객 대상 차종 및 출고/등록 여부 확인 즉시 충전카드 발송 ③ 충전카드 수령(3~4일 소요) 후 홈페이지 카드 사용 등록 시 공용 충전기 이용 가능 * (2019년 기준) 환경부 중심으로 전체 민간 충전사업자 통합   기아차 충전 파트너사 가입 및 멤버십 카드 발급 ① 기아차 충전 파트너사 홈페이지(한국전기차 충전 서비스, 에스트래픽)를 통한 회원가입 및 멤버십 카드 신청 ② 파트너사 멤버십 카드 수령(3~5일 소요) 후 파트너사 멤버십 카드로도 공용 충전기 이용 가능 * 유의 사항 : 충전 파트너사 멤버십 미가입 시 레드 포인트 사용 불가   환경부 전기차 충전소"
기아,차량 정비,5,니로 EV에 적용된 충전 전류 메뉴의 차이점이 무엇인가요?,"공공충전기에서 사용하실 수 있는 충전카드를 발급받으실 수 있습니다.  환경부 충전카드는 기본으로 발급받으시고, 기아 충전 파트너사 카드를 추가로 발급 받으실 수 있습니다.   환경부 충전카드 발급 ① 환경부 전기차 충전소 홈페이지를 통한 회원가입 및 회원카드 신청 가능 ② 회원가입 고객 대상 차종 및 출고/등록 여부 확인 즉시 충전카드 발송 ③ 충전카드 수령(3~4일 소요) 후 홈페이지 카드 사용 등록 시 공용 충전기 이용 가능 * (2019년 기준) 환경부 중심으로 전체 민간 충전사업자 통합   기아차 충전 파트너사 가입 및 멤버십 카드 발급 ① 기아차 충전 파트너사 홈페이지(한국전기차 충전 서비스, 에스트래픽)를 통한 회원가입 및 멤버십 카드 신청 ② 파트너사 멤버십 카드 수령(3~5일 소요) 후 파트너사 멤버십 카드로도 공용 충전기 이용 가능 * 유의 사항 : 충전 파트너사 멤버십 미가입 시 레드 포인트 사용 불가   환경부 전기차 충전소"
기아,차량 정비,5,빌트인 캠이 무엇인가요?,"공공충전기에서 사용하실 수 있는 충전카드를 발급받으실 수 있습니다.  환경부 충전카드는 기본으로 발급받으시고, 기아 충전 파트너사 카드를 추가로 발급 받으실 수 있습니다.   환경부 충전카드 발급 ① 환경부 전기차 충전소 홈페이지를 통한 회원가입 및 회원카드 신청 가능 ② 회원가입 고객 대상 차종 및 출고/등록 여부 확인 즉시 충전카드 발송 ③ 충전카드 수령(3~4일 소요) 후 홈페이지 카드 사용 등록 시 공용 충전기 이용 가능 * (2019년 기준) 환경부 중심으로 전체 민간 충전사업자 통합   기아차 충전 파트너사 가입 및 멤버십 카드 발급 ① 기아차 충전 파트너사 홈페이지(한국전기차 충전 서비스, 에스트래픽)를 통한 회원가입 및 멤버십 카드 신청 ② 파트너사 멤버십 카드 수령(3~5일 소요) 후 파트너사 멤버십 카드로도 공용 충전기 이용 가능 * 유의 사항 : 충전 파트너사 멤버십 미가입 시 레드 포인트 사용 불가   환경부 전기차 충전소"
기아,차량 정비,5,야간 운전 요령이 어떻게 되나요?,"공공충전기에서 사용하실 수 있는 충전카드를 발급받으실 수 있습니다.  환경부 충전카드는 기본으로 발급받으시고, 기아 충전 파트너사 카드를 추가로 발급 받으실 수 있습니다.   환경부 충전카드 발급 ① 환경부 전기차 충전소 홈페이지를 통한 회원가입 및 회원카드 신청 가능 ② 회원가입 고객 대상 차종 및 출고/등록 여부 확인 즉시 충전카드 발송 ③ 충전카드 수령(3~4일 소요) 후 홈페이지 카드 사용 등록 시 공용 충전기 이용 가능 * (2019년 기준) 환경부 중심으로 전체 민간 충전사업자 통합   기아차 충전 파트너사 가입 및 멤버십 카드 발급 ① 기아차 충전 파트너사 홈페이지(한국전기차 충전 서비스, 에스트래픽)를 통한 회원가입 및 멤버십 카드 신청 ② 파트너사 멤버십 카드 수령(3~5일 소요) 후 파트너사 멤버십 카드로도 공용 충전기 이용 가능 * 유의 사항 : 충전 파트너사 멤버십 미가입 시 레드 포인트 사용 불가   환경부 전기차 충전소"
기아,차량 정비,6,운전 시 안전한 자세는 어떻게 되나요?,"안전운전 자세는 운전하기에 부담스럽지 않은 편한 자세를 취하면서 핸들의 조작, 페달 조작, 기어레버 조작이 쉬워야 합니다. 아래 내용을 참고해 자세를 조정해 보세요.     · 운전석 슬라이드를 조정하여 페달과의 거리를 맞춰 주세요. 브레이크 페달을 완전히 밟은  상태에서 무릎을 조금 더 펼 수 있는 자세가 좋아요.  · 브레이크페달을 밟은 힘이 엉덩이 꼬리뼈에 가해지도록 등과 허리를 시트에 밀착시키고 부드러운 자세로 앉으세요.  · 등받이는 시트 레버를 조절하여 운전자의 어깨 부분에 밀착되도록 하고, 핸들을 10시 10분  위치로 잡았을 때 각도는 30도 정도 팔꿈치가 구부러지는 것이 좋아요. · 핸들은 보통 9시 15분 위치로 잡고, 에어백이 장착되었을 경우에는 10시 10분 위치로 잡으세요.  · 눈은 상면 15도 각도로 정면을 바라보세요. 어깨와 팔의 힘을 빼고, 양 무릎은 약간 굽혀 주세요.  · 안전벨트는 꼬이지 않도록 주의하고, 사용 시에는 골반에 위치하도록 단단히 착용하며 주먹  하나가 들어갈 정도로 띠의 길이를 조절하세요. · 룸미러와 사이드 미러를 원하는 각도로 맞춰 주세요. 이때 후방 및 측면의 상태가 최대한 보일 수 있게 조정하세요.  · 가속페달은 발뒤꿈치를 바닥에 붙이고 발목으로 부드럽게 조작하며, 변속은 부드럽게 하는 것이 좋습니다."
기아,차량 정비,6,여름철 차량 내부에 두고 내리면 안 되는 것은 무엇인가요?,"안전운전 자세는 운전하기에 부담스럽지 않은 편한 자세를 취하면서 핸들의 조작, 페달 조작, 기어레버 조작이 쉬워야 합니다. 아래 내용을 참고해 자세를 조정해 보세요.     · 운전석 슬라이드를 조정하여 페달과의 거리를 맞춰 주세요. 브레이크 페달을 완전히 밟은  상태에서 무릎을 조금 더 펼 수 있는 자세가 좋아요.  · 브레이크페달을 밟은 힘이 엉덩이 꼬리뼈에 가해지도록 등과 허리를 시트에 밀착시키고 부드러운 자세로 앉으세요.  · 등받이는 시트 레버를 조절하여 운전자의 어깨 부분에 밀착되도록 하고, 핸들을 10시 10분  위치로 잡았을 때 각도는 30도 정도 팔꿈치가 구부러지는 것이 좋아요. · 핸들은 보통 9시 15분 위치로 잡고, 에어백이 장착되었을 경우에는 10시 10분 위치로 잡으세요.  · 눈은 상면 15도 각도로 정면을 바라보세요. 어깨와 팔의 힘을 빼고, 양 무릎은 약간 굽혀 주세요.  · 안전벨트는 꼬이지 않도록 주의하고, 사용 시에는 골반에 위치하도록 단단히 착용하며 주먹  하나가 들어갈 정도로 띠의 길이를 조절하세요. · 룸미러와 사이드 미러를 원하는 각도로 맞춰 주세요. 이때 후방 및 측면의 상태가 최대한 보일 수 있게 조정하세요.  · 가속페달은 발뒤꿈치를 바닥에 붙이고 발목으로 부드럽게 조작하며, 변속은 부드럽게 하는 것이 좋습니다."
기아,차량 정비,6,계기판에 눈 결정체 모양의 경고등은 무엇인가요?,"안전운전 자세는 운전하기에 부담스럽지 않은 편한 자세를 취하면서 핸들의 조작, 페달 조작, 기어레버 조작이 쉬워야 합니다. 아래 내용을 참고해 자세를 조정해 보세요.     · 운전석 슬라이드를 조정하여 페달과의 거리를 맞춰 주세요. 브레이크 페달을 완전히 밟은  상태에서 무릎을 조금 더 펼 수 있는 자세가 좋아요.  · 브레이크페달을 밟은 힘이 엉덩이 꼬리뼈에 가해지도록 등과 허리를 시트에 밀착시키고 부드러운 자세로 앉으세요.  · 등받이는 시트 레버를 조절하여 운전자의 어깨 부분에 밀착되도록 하고, 핸들을 10시 10분  위치로 잡았을 때 각도는 30도 정도 팔꿈치가 구부러지는 것이 좋아요. · 핸들은 보통 9시 15분 위치로 잡고, 에어백이 장착되었을 경우에는 10시 10분 위치로 잡으세요.  · 눈은 상면 15도 각도로 정면을 바라보세요. 어깨와 팔의 힘을 빼고, 양 무릎은 약간 굽혀 주세요.  · 안전벨트는 꼬이지 않도록 주의하고, 사용 시에는 골반에 위치하도록 단단히 착용하며 주먹  하나가 들어갈 정도로 띠의 길이를 조절하세요. · 룸미러와 사이드 미러를 원하는 각도로 맞춰 주세요. 이때 후방 및 측면의 상태가 최대한 보일 수 있게 조정하세요.  · 가속페달은 발뒤꿈치를 바닥에 붙이고 발목으로 부드럽게 조작하며, 변속은 부드럽게 하는 것이 좋습니다."
기아,차량 정비,6,전기차의 고전압 배터리는 화재 및 폭발에 안전한가요?,"안전운전 자세는 운전하기에 부담스럽지 않은 편한 자세를 취하면서 핸들의 조작, 페달 조작, 기어레버 조작이 쉬워야 합니다. 아래 내용을 참고해 자세를 조정해 보세요.     · 운전석 슬라이드를 조정하여 페달과의 거리를 맞춰 주세요. 브레이크 페달을 완전히 밟은  상태에서 무릎을 조금 더 펼 수 있는 자세가 좋아요.  · 브레이크페달을 밟은 힘이 엉덩이 꼬리뼈에 가해지도록 등과 허리를 시트에 밀착시키고 부드러운 자세로 앉으세요.  · 등받이는 시트 레버를 조절하여 운전자의 어깨 부분에 밀착되도록 하고, 핸들을 10시 10분  위치로 잡았을 때 각도는 30도 정도 팔꿈치가 구부러지는 것이 좋아요. · 핸들은 보통 9시 15분 위치로 잡고, 에어백이 장착되었을 경우에는 10시 10분 위치로 잡으세요.  · 눈은 상면 15도 각도로 정면을 바라보세요. 어깨와 팔의 힘을 빼고, 양 무릎은 약간 굽혀 주세요.  · 안전벨트는 꼬이지 않도록 주의하고, 사용 시에는 골반에 위치하도록 단단히 착용하며 주먹  하나가 들어갈 정도로 띠의 길이를 조절하세요. · 룸미러와 사이드 미러를 원하는 각도로 맞춰 주세요. 이때 후방 및 측면의 상태가 최대한 보일 수 있게 조정하세요.  · 가속페달은 발뒤꿈치를 바닥에 붙이고 발목으로 부드럽게 조작하며, 변속은 부드럽게 하는 것이 좋습니다."
기아,차량 정비,6,전기차에서 발생하는 전자파가 인체에 유해하지 않나요?,"안전운전 자세는 운전하기에 부담스럽지 않은 편한 자세를 취하면서 핸들의 조작, 페달 조작, 기어레버 조작이 쉬워야 합니다. 아래 내용을 참고해 자세를 조정해 보세요.     · 운전석 슬라이드를 조정하여 페달과의 거리를 맞춰 주세요. 브레이크 페달을 완전히 밟은  상태에서 무릎을 조금 더 펼 수 있는 자세가 좋아요.  · 브레이크페달을 밟은 힘이 엉덩이 꼬리뼈에 가해지도록 등과 허리를 시트에 밀착시키고 부드러운 자세로 앉으세요.  · 등받이는 시트 레버를 조절하여 운전자의 어깨 부분에 밀착되도록 하고, 핸들을 10시 10분  위치로 잡았을 때 각도는 30도 정도 팔꿈치가 구부러지는 것이 좋아요. · 핸들은 보통 9시 15분 위치로 잡고, 에어백이 장착되었을 경우에는 10시 10분 위치로 잡으세요.  · 눈은 상면 15도 각도로 정면을 바라보세요. 어깨와 팔의 힘을 빼고, 양 무릎은 약간 굽혀 주세요.  · 안전벨트는 꼬이지 않도록 주의하고, 사용 시에는 골반에 위치하도록 단단히 착용하며 주먹  하나가 들어갈 정도로 띠의 길이를 조절하세요. · 룸미러와 사이드 미러를 원하는 각도로 맞춰 주세요. 이때 후방 및 측면의 상태가 최대한 보일 수 있게 조정하세요.  · 가속페달은 발뒤꿈치를 바닥에 붙이고 발목으로 부드럽게 조작하며, 변속은 부드럽게 하는 것이 좋습니다."
기아,차량 정비,6,타이어 마모 점검은 어떻게 하나요?,"안전운전 자세는 운전하기에 부담스럽지 않은 편한 자세를 취하면서 핸들의 조작, 페달 조작, 기어레버 조작이 쉬워야 합니다. 아래 내용을 참고해 자세를 조정해 보세요.     · 운전석 슬라이드를 조정하여 페달과의 거리를 맞춰 주세요. 브레이크 페달을 완전히 밟은  상태에서 무릎을 조금 더 펼 수 있는 자세가 좋아요.  · 브레이크페달을 밟은 힘이 엉덩이 꼬리뼈에 가해지도록 등과 허리를 시트에 밀착시키고 부드러운 자세로 앉으세요.  · 등받이는 시트 레버를 조절하여 운전자의 어깨 부분에 밀착되도록 하고, 핸들을 10시 10분  위치로 잡았을 때 각도는 30도 정도 팔꿈치가 구부러지는 것이 좋아요. · 핸들은 보통 9시 15분 위치로 잡고, 에어백이 장착되었을 경우에는 10시 10분 위치로 잡으세요.  · 눈은 상면 15도 각도로 정면을 바라보세요. 어깨와 팔의 힘을 빼고, 양 무릎은 약간 굽혀 주세요.  · 안전벨트는 꼬이지 않도록 주의하고, 사용 시에는 골반에 위치하도록 단단히 착용하며 주먹  하나가 들어갈 정도로 띠의 길이를 조절하세요. · 룸미러와 사이드 미러를 원하는 각도로 맞춰 주세요. 이때 후방 및 측면의 상태가 최대한 보일 수 있게 조정하세요.  · 가속페달은 발뒤꿈치를 바닥에 붙이고 발목으로 부드럽게 조작하며, 변속은 부드럽게 하는 것이 좋습니다."
기아,차량 정비,6,시동이 안 걸리는 원인과 조치 방법은 어떻게 되나요?,"안전운전 자세는 운전하기에 부담스럽지 않은 편한 자세를 취하면서 핸들의 조작, 페달 조작, 기어레버 조작이 쉬워야 합니다. 아래 내용을 참고해 자세를 조정해 보세요.     · 운전석 슬라이드를 조정하여 페달과의 거리를 맞춰 주세요. 브레이크 페달을 완전히 밟은  상태에서 무릎을 조금 더 펼 수 있는 자세가 좋아요.  · 브레이크페달을 밟은 힘이 엉덩이 꼬리뼈에 가해지도록 등과 허리를 시트에 밀착시키고 부드러운 자세로 앉으세요.  · 등받이는 시트 레버를 조절하여 운전자의 어깨 부분에 밀착되도록 하고, 핸들을 10시 10분  위치로 잡았을 때 각도는 30도 정도 팔꿈치가 구부러지는 것이 좋아요. · 핸들은 보통 9시 15분 위치로 잡고, 에어백이 장착되었을 경우에는 10시 10분 위치로 잡으세요.  · 눈은 상면 15도 각도로 정면을 바라보세요. 어깨와 팔의 힘을 빼고, 양 무릎은 약간 굽혀 주세요.  · 안전벨트는 꼬이지 않도록 주의하고, 사용 시에는 골반에 위치하도록 단단히 착용하며 주먹  하나가 들어갈 정도로 띠의 길이를 조절하세요. · 룸미러와 사이드 미러를 원하는 각도로 맞춰 주세요. 이때 후방 및 측면의 상태가 최대한 보일 수 있게 조정하세요.  · 가속페달은 발뒤꿈치를 바닥에 붙이고 발목으로 부드럽게 조작하며, 변속은 부드럽게 하는 것이 좋습니다."
기아,차량 정비,6,스마트 디스플레이 오디오에서 내비게이션 사용은 어떻게 하나요?,"안전운전 자세는 운전하기에 부담스럽지 않은 편한 자세를 취하면서 핸들의 조작, 페달 조작, 기어레버 조작이 쉬워야 합니다. 아래 내용을 참고해 자세를 조정해 보세요.     · 운전석 슬라이드를 조정하여 페달과의 거리를 맞춰 주세요. 브레이크 페달을 완전히 밟은  상태에서 무릎을 조금 더 펼 수 있는 자세가 좋아요.  · 브레이크페달을 밟은 힘이 엉덩이 꼬리뼈에 가해지도록 등과 허리를 시트에 밀착시키고 부드러운 자세로 앉으세요.  · 등받이는 시트 레버를 조절하여 운전자의 어깨 부분에 밀착되도록 하고, 핸들을 10시 10분  위치로 잡았을 때 각도는 30도 정도 팔꿈치가 구부러지는 것이 좋아요. · 핸들은 보통 9시 15분 위치로 잡고, 에어백이 장착되었을 경우에는 10시 10분 위치로 잡으세요.  · 눈은 상면 15도 각도로 정면을 바라보세요. 어깨와 팔의 힘을 빼고, 양 무릎은 약간 굽혀 주세요.  · 안전벨트는 꼬이지 않도록 주의하고, 사용 시에는 골반에 위치하도록 단단히 착용하며 주먹  하나가 들어갈 정도로 띠의 길이를 조절하세요. · 룸미러와 사이드 미러를 원하는 각도로 맞춰 주세요. 이때 후방 및 측면의 상태가 최대한 보일 수 있게 조정하세요.  · 가속페달은 발뒤꿈치를 바닥에 붙이고 발목으로 부드럽게 조작하며, 변속은 부드럽게 하는 것이 좋습니다."
기아,차량 정비,6,주차 중 핸들 작동이 갑자기 무거워졌는데 왜 그런가요?,"안전운전 자세는 운전하기에 부담스럽지 않은 편한 자세를 취하면서 핸들의 조작, 페달 조작, 기어레버 조작이 쉬워야 합니다. 아래 내용을 참고해 자세를 조정해 보세요.     · 운전석 슬라이드를 조정하여 페달과의 거리를 맞춰 주세요. 브레이크 페달을 완전히 밟은  상태에서 무릎을 조금 더 펼 수 있는 자세가 좋아요.  · 브레이크페달을 밟은 힘이 엉덩이 꼬리뼈에 가해지도록 등과 허리를 시트에 밀착시키고 부드러운 자세로 앉으세요.  · 등받이는 시트 레버를 조절하여 운전자의 어깨 부분에 밀착되도록 하고, 핸들을 10시 10분  위치로 잡았을 때 각도는 30도 정도 팔꿈치가 구부러지는 것이 좋아요. · 핸들은 보통 9시 15분 위치로 잡고, 에어백이 장착되었을 경우에는 10시 10분 위치로 잡으세요.  · 눈은 상면 15도 각도로 정면을 바라보세요. 어깨와 팔의 힘을 빼고, 양 무릎은 약간 굽혀 주세요.  · 안전벨트는 꼬이지 않도록 주의하고, 사용 시에는 골반에 위치하도록 단단히 착용하며 주먹  하나가 들어갈 정도로 띠의 길이를 조절하세요. · 룸미러와 사이드 미러를 원하는 각도로 맞춰 주세요. 이때 후방 및 측면의 상태가 최대한 보일 수 있게 조정하세요.  · 가속페달은 발뒤꿈치를 바닥에 붙이고 발목으로 부드럽게 조작하며, 변속은 부드럽게 하는 것이 좋습니다."
기아,차량 정비,6,겨울철 스노우 체인 장착 시 주의해야 할 사항이 있나요?,"안전운전 자세는 운전하기에 부담스럽지 않은 편한 자세를 취하면서 핸들의 조작, 페달 조작, 기어레버 조작이 쉬워야 합니다. 아래 내용을 참고해 자세를 조정해 보세요.     · 운전석 슬라이드를 조정하여 페달과의 거리를 맞춰 주세요. 브레이크 페달을 완전히 밟은  상태에서 무릎을 조금 더 펼 수 있는 자세가 좋아요.  · 브레이크페달을 밟은 힘이 엉덩이 꼬리뼈에 가해지도록 등과 허리를 시트에 밀착시키고 부드러운 자세로 앉으세요.  · 등받이는 시트 레버를 조절하여 운전자의 어깨 부분에 밀착되도록 하고, 핸들을 10시 10분  위치로 잡았을 때 각도는 30도 정도 팔꿈치가 구부러지는 것이 좋아요. · 핸들은 보통 9시 15분 위치로 잡고, 에어백이 장착되었을 경우에는 10시 10분 위치로 잡으세요.  · 눈은 상면 15도 각도로 정면을 바라보세요. 어깨와 팔의 힘을 빼고, 양 무릎은 약간 굽혀 주세요.  · 안전벨트는 꼬이지 않도록 주의하고, 사용 시에는 골반에 위치하도록 단단히 착용하며 주먹  하나가 들어갈 정도로 띠의 길이를 조절하세요. · 룸미러와 사이드 미러를 원하는 각도로 맞춰 주세요. 이때 후방 및 측면의 상태가 최대한 보일 수 있게 조정하세요.  · 가속페달은 발뒤꿈치를 바닥에 붙이고 발목으로 부드럽게 조작하며, 변속은 부드럽게 하는 것이 좋습니다."
기아,차량 정비,7,니로 EV 완충 시 전기가 자동으로 차단 되나요?,니로 EV 차량은 완속으로 100% 충전 시 전기가 자동으로 차단되는 기능이 적용되어 있습니다.  충전이 완료되면 ‘탁’ 소리가 나면서 차단됩니다.  배터리의 최적 상태 유지를 위해 완속 충전을 권장합니다.    배터리 충전 량이 20% 이하일 때 100%까지 충전을 하면 배터리 성능을 최적의 상태로 유지할 수 있습니다. (월 1회 이상 권장)
기아,차량 정비,7,겨울철 히터 작동 시 RPM이 올라가는데 정상인가요?,니로 EV 차량은 완속으로 100% 충전 시 전기가 자동으로 차단되는 기능이 적용되어 있습니다.  충전이 완료되면 ‘탁’ 소리가 나면서 차단됩니다.  배터리의 최적 상태 유지를 위해 완속 충전을 권장합니다.    배터리 충전 량이 20% 이하일 때 100%까지 충전을 하면 배터리 성능을 최적의 상태로 유지할 수 있습니다. (월 1회 이상 권장)
기아,차량 정비,7,"트렁크가 열리지 않는데, 왜 그런가요?",니로 EV 차량은 완속으로 100% 충전 시 전기가 자동으로 차단되는 기능이 적용되어 있습니다.  충전이 완료되면 ‘탁’ 소리가 나면서 차단됩니다.  배터리의 최적 상태 유지를 위해 완속 충전을 권장합니다.    배터리 충전 량이 20% 이하일 때 100%까지 충전을 하면 배터리 성능을 최적의 상태로 유지할 수 있습니다. (월 1회 이상 권장)
기아,차량 정비,7,요소수 보충 방법과 보관 방법은 어떻게 되나요?,니로 EV 차량은 완속으로 100% 충전 시 전기가 자동으로 차단되는 기능이 적용되어 있습니다.  충전이 완료되면 ‘탁’ 소리가 나면서 차단됩니다.  배터리의 최적 상태 유지를 위해 완속 충전을 권장합니다.    배터리 충전 량이 20% 이하일 때 100%까지 충전을 하면 배터리 성능을 최적의 상태로 유지할 수 있습니다. (월 1회 이상 권장)
기아,차량 정비,7,비상등/방향지시등 작동 시 점멸 주기가 불량한데 왜 그런가요?,니로 EV 차량은 완속으로 100% 충전 시 전기가 자동으로 차단되는 기능이 적용되어 있습니다.  충전이 완료되면 ‘탁’ 소리가 나면서 차단됩니다.  배터리의 최적 상태 유지를 위해 완속 충전을 권장합니다.    배터리 충전 량이 20% 이하일 때 100%까지 충전을 하면 배터리 성능을 최적의 상태로 유지할 수 있습니다. (월 1회 이상 권장)
기아,차량 정비,7,자동차의 배터리는 한 번 방전되면 못 쓰나요?,니로 EV 차량은 완속으로 100% 충전 시 전기가 자동으로 차단되는 기능이 적용되어 있습니다.  충전이 완료되면 ‘탁’ 소리가 나면서 차단됩니다.  배터리의 최적 상태 유지를 위해 완속 충전을 권장합니다.    배터리 충전 량이 20% 이하일 때 100%까지 충전을 하면 배터리 성능을 최적의 상태로 유지할 수 있습니다. (월 1회 이상 권장)
기아,차량 정비,7,엔진은 반드시 워밍업 후 운행해야 하나요?,니로 EV 차량은 완속으로 100% 충전 시 전기가 자동으로 차단되는 기능이 적용되어 있습니다.  충전이 완료되면 ‘탁’ 소리가 나면서 차단됩니다.  배터리의 최적 상태 유지를 위해 완속 충전을 권장합니다.    배터리 충전 량이 20% 이하일 때 100%까지 충전을 하면 배터리 성능을 최적의 상태로 유지할 수 있습니다. (월 1회 이상 권장)
기아,차량 정비,7,유선상 서비스센터/오토큐 예약이 가능한가요?,니로 EV 차량은 완속으로 100% 충전 시 전기가 자동으로 차단되는 기능이 적용되어 있습니다.  충전이 완료되면 ‘탁’ 소리가 나면서 차단됩니다.  배터리의 최적 상태 유지를 위해 완속 충전을 권장합니다.    배터리 충전 량이 20% 이하일 때 100%까지 충전을 하면 배터리 성능을 최적의 상태로 유지할 수 있습니다. (월 1회 이상 권장)
기아,차량 정비,7,자동차에서 엔진오일이 소모되는 원인은 무엇인가요?,니로 EV 차량은 완속으로 100% 충전 시 전기가 자동으로 차단되는 기능이 적용되어 있습니다.  충전이 완료되면 ‘탁’ 소리가 나면서 차단됩니다.  배터리의 최적 상태 유지를 위해 완속 충전을 권장합니다.    배터리 충전 량이 20% 이하일 때 100%까지 충전을 하면 배터리 성능을 최적의 상태로 유지할 수 있습니다. (월 1회 이상 권장)
기아,차량 정비,7,"헤드램프에 습기가 발생하는데, 왜 그런 건가요?",니로 EV 차량은 완속으로 100% 충전 시 전기가 자동으로 차단되는 기능이 적용되어 있습니다.  충전이 완료되면 ‘탁’ 소리가 나면서 차단됩니다.  배터리의 최적 상태 유지를 위해 완속 충전을 권장합니다.    배터리 충전 량이 20% 이하일 때 100%까지 충전을 하면 배터리 성능을 최적의 상태로 유지할 수 있습니다. (월 1회 이상 권장)
기아,차량 정비,8,"기아렌터카 이용 중인데, 자차 수리 시 무상 대여차 제공이 되나요?","기아렌터카를 이용하시는 고객님들의 만족도 향상을 위해, 기아렌터카 이용 고객을 대상으로 자차 사고 수리 발생 시 무상 대여차 서비스를 제공해 드립니다. (’18년 8.7일부터 서비스 제공)   자차 사고 시 보험사 사고 접수(1588-5656)를 하신 후 고객님이 원하시는 지역에서 보험사 협력공장에 입고하여 수리하시는 경우 수리 기간 동안 무상 대여차 서비스가 제공됩니다. (고객 과실의 자차 수리 경우에도 무상 대여차 서비스 제공, 보험사 지정업체에  限 함)"
기아,차량 정비,8,봉고 특장차 중 파워게이트 차량은 어떤 차량인가요?,"기아렌터카를 이용하시는 고객님들의 만족도 향상을 위해, 기아렌터카 이용 고객을 대상으로 자차 사고 수리 발생 시 무상 대여차 서비스를 제공해 드립니다. (’18년 8.7일부터 서비스 제공)   자차 사고 시 보험사 사고 접수(1588-5656)를 하신 후 고객님이 원하시는 지역에서 보험사 협력공장에 입고하여 수리하시는 경우 수리 기간 동안 무상 대여차 서비스가 제공됩니다. (고객 과실의 자차 수리 경우에도 무상 대여차 서비스 제공, 보험사 지정업체에  限 함)"
기아,차량 정비,8,스마트키와 관련된 경고등은 어떤 것들이 있나요?,"기아렌터카를 이용하시는 고객님들의 만족도 향상을 위해, 기아렌터카 이용 고객을 대상으로 자차 사고 수리 발생 시 무상 대여차 서비스를 제공해 드립니다. (’18년 8.7일부터 서비스 제공)   자차 사고 시 보험사 사고 접수(1588-5656)를 하신 후 고객님이 원하시는 지역에서 보험사 협력공장에 입고하여 수리하시는 경우 수리 기간 동안 무상 대여차 서비스가 제공됩니다. (고객 과실의 자차 수리 경우에도 무상 대여차 서비스 제공, 보험사 지정업체에  限 함)"
기아,차량 정비,8,자동차 키를 분실한 경우 어떻게 해야 하나요?,"기아렌터카를 이용하시는 고객님들의 만족도 향상을 위해, 기아렌터카 이용 고객을 대상으로 자차 사고 수리 발생 시 무상 대여차 서비스를 제공해 드립니다. (’18년 8.7일부터 서비스 제공)   자차 사고 시 보험사 사고 접수(1588-5656)를 하신 후 고객님이 원하시는 지역에서 보험사 협력공장에 입고하여 수리하시는 경우 수리 기간 동안 무상 대여차 서비스가 제공됩니다. (고객 과실의 자차 수리 경우에도 무상 대여차 서비스 제공, 보험사 지정업체에  限 함)"
기아,차량 정비,8,니로EV 차량의 ‘스마트 회생제동 시스템’은 무엇인가요?,"기아렌터카를 이용하시는 고객님들의 만족도 향상을 위해, 기아렌터카 이용 고객을 대상으로 자차 사고 수리 발생 시 무상 대여차 서비스를 제공해 드립니다. (’18년 8.7일부터 서비스 제공)   자차 사고 시 보험사 사고 접수(1588-5656)를 하신 후 고객님이 원하시는 지역에서 보험사 협력공장에 입고하여 수리하시는 경우 수리 기간 동안 무상 대여차 서비스가 제공됩니다. (고객 과실의 자차 수리 경우에도 무상 대여차 서비스 제공, 보험사 지정업체에  限 함)"
기아,차량 정비,8,안드로이드 오토 기능은 무엇인가요?,"기아렌터카를 이용하시는 고객님들의 만족도 향상을 위해, 기아렌터카 이용 고객을 대상으로 자차 사고 수리 발생 시 무상 대여차 서비스를 제공해 드립니다. (’18년 8.7일부터 서비스 제공)   자차 사고 시 보험사 사고 접수(1588-5656)를 하신 후 고객님이 원하시는 지역에서 보험사 협력공장에 입고하여 수리하시는 경우 수리 기간 동안 무상 대여차 서비스가 제공됩니다. (고객 과실의 자차 수리 경우에도 무상 대여차 서비스 제공, 보험사 지정업체에  限 함)"
기아,차량 정비,8,후석 승객 알림 시스템은 무엇인가요?,"기아렌터카를 이용하시는 고객님들의 만족도 향상을 위해, 기아렌터카 이용 고객을 대상으로 자차 사고 수리 발생 시 무상 대여차 서비스를 제공해 드립니다. (’18년 8.7일부터 서비스 제공)   자차 사고 시 보험사 사고 접수(1588-5656)를 하신 후 고객님이 원하시는 지역에서 보험사 협력공장에 입고하여 수리하시는 경우 수리 기간 동안 무상 대여차 서비스가 제공됩니다. (고객 과실의 자차 수리 경우에도 무상 대여차 서비스 제공, 보험사 지정업체에  限 함)"
기아,차량 정비,8,여름철(장마철) 차량 관리 요령을 알려주세요,"기아렌터카를 이용하시는 고객님들의 만족도 향상을 위해, 기아렌터카 이용 고객을 대상으로 자차 사고 수리 발생 시 무상 대여차 서비스를 제공해 드립니다. (’18년 8.7일부터 서비스 제공)   자차 사고 시 보험사 사고 접수(1588-5656)를 하신 후 고객님이 원하시는 지역에서 보험사 협력공장에 입고하여 수리하시는 경우 수리 기간 동안 무상 대여차 서비스가 제공됩니다. (고객 과실의 자차 수리 경우에도 무상 대여차 서비스 제공, 보험사 지정업체에  限 함)"
기아,차량 정비,8,어드밴스드 에어백이란 무엇인가요?,"기아렌터카를 이용하시는 고객님들의 만족도 향상을 위해, 기아렌터카 이용 고객을 대상으로 자차 사고 수리 발생 시 무상 대여차 서비스를 제공해 드립니다. (’18년 8.7일부터 서비스 제공)   자차 사고 시 보험사 사고 접수(1588-5656)를 하신 후 고객님이 원하시는 지역에서 보험사 협력공장에 입고하여 수리하시는 경우 수리 기간 동안 무상 대여차 서비스가 제공됩니다. (고객 과실의 자차 수리 경우에도 무상 대여차 서비스 제공, 보험사 지정업체에  限 함)"
기아,차량 정비,8,승객 구분 센서란 무엇인가요?,"기아렌터카를 이용하시는 고객님들의 만족도 향상을 위해, 기아렌터카 이용 고객을 대상으로 자차 사고 수리 발생 시 무상 대여차 서비스를 제공해 드립니다. (’18년 8.7일부터 서비스 제공)   자차 사고 시 보험사 사고 접수(1588-5656)를 하신 후 고객님이 원하시는 지역에서 보험사 협력공장에 입고하여 수리하시는 경우 수리 기간 동안 무상 대여차 서비스가 제공됩니다. (고객 과실의 자차 수리 경우에도 무상 대여차 서비스 제공, 보험사 지정업체에  限 함)"
기아,차량 정비,9,운전자 주의 경고(DAW) 시스템은 어떤 기능인가요?,"주행 중 운전자의 피로 및 부주의 상태를 판단하여 알려주는 시스템 입니다.  계기판을 통해 주의운전 상태를 5단계의 레벨로 나타내주고, 주의운전 상태가 1레벨 미만으로 떨어질 경우 계기판의 휴식 권유 문구가 표시되며 경고음이 울립니다.  이 경우, 안전을 위해 잠시 휴식 후 운행하시길 권장하고 있습니다.    운전자 주의 경보 시스템은 운전자의 안전편의를 위한 보조장치로, 경고 문구와 경보음이 발생하여도 계속 운행은 가능합니다. 다만, 장시간 운행하시는 경우 운전자의 피로 누적으로 부주의 상태가 지속될 수 있으므로  휴식 후 운행을 권장합니다. 휴식을 위해서는 안전한 장소에 주·정차 하시고 휴식을 취해주시기 바랍니다.     * 운전자 주의 경고 시스템 (Daw : Driver Attention Warning)"
기아,차량 정비,9,차에서 이상한 냄새가 나는 경우 어떤 고장징후가 있나요?,"주행 중 운전자의 피로 및 부주의 상태를 판단하여 알려주는 시스템 입니다.  계기판을 통해 주의운전 상태를 5단계의 레벨로 나타내주고, 주의운전 상태가 1레벨 미만으로 떨어질 경우 계기판의 휴식 권유 문구가 표시되며 경고음이 울립니다.  이 경우, 안전을 위해 잠시 휴식 후 운행하시길 권장하고 있습니다.    운전자 주의 경보 시스템은 운전자의 안전편의를 위한 보조장치로, 경고 문구와 경보음이 발생하여도 계속 운행은 가능합니다. 다만, 장시간 운행하시는 경우 운전자의 피로 누적으로 부주의 상태가 지속될 수 있으므로  휴식 후 운행을 권장합니다. 휴식을 위해서는 안전한 장소에 주·정차 하시고 휴식을 취해주시기 바랍니다.     * 운전자 주의 경고 시스템 (Daw : Driver Attention Warning)"
기아,차량 정비,9,정비업체의 구분은 어떻게 하나요?,"주행 중 운전자의 피로 및 부주의 상태를 판단하여 알려주는 시스템 입니다.  계기판을 통해 주의운전 상태를 5단계의 레벨로 나타내주고, 주의운전 상태가 1레벨 미만으로 떨어질 경우 계기판의 휴식 권유 문구가 표시되며 경고음이 울립니다.  이 경우, 안전을 위해 잠시 휴식 후 운행하시길 권장하고 있습니다.    운전자 주의 경보 시스템은 운전자의 안전편의를 위한 보조장치로, 경고 문구와 경보음이 발생하여도 계속 운행은 가능합니다. 다만, 장시간 운행하시는 경우 운전자의 피로 누적으로 부주의 상태가 지속될 수 있으므로  휴식 후 운행을 권장합니다. 휴식을 위해서는 안전한 장소에 주·정차 하시고 휴식을 취해주시기 바랍니다.     * 운전자 주의 경고 시스템 (Daw : Driver Attention Warning)"
기아,차량 정비,9,차에서 이상한 진동이 느껴지는 경우 어떤 고장징후가 있나요?,"주행 중 운전자의 피로 및 부주의 상태를 판단하여 알려주는 시스템 입니다.  계기판을 통해 주의운전 상태를 5단계의 레벨로 나타내주고, 주의운전 상태가 1레벨 미만으로 떨어질 경우 계기판의 휴식 권유 문구가 표시되며 경고음이 울립니다.  이 경우, 안전을 위해 잠시 휴식 후 운행하시길 권장하고 있습니다.    운전자 주의 경보 시스템은 운전자의 안전편의를 위한 보조장치로, 경고 문구와 경보음이 발생하여도 계속 운행은 가능합니다. 다만, 장시간 운행하시는 경우 운전자의 피로 누적으로 부주의 상태가 지속될 수 있으므로  휴식 후 운행을 권장합니다. 휴식을 위해서는 안전한 장소에 주·정차 하시고 휴식을 취해주시기 바랍니다.     * 운전자 주의 경고 시스템 (Daw : Driver Attention Warning)"
기아,차량 정비,9,히터 및 에어컨 작동 표시창에 나타나는 온도 단위는 어떻게 바꾸나요?,"주행 중 운전자의 피로 및 부주의 상태를 판단하여 알려주는 시스템 입니다.  계기판을 통해 주의운전 상태를 5단계의 레벨로 나타내주고, 주의운전 상태가 1레벨 미만으로 떨어질 경우 계기판의 휴식 권유 문구가 표시되며 경고음이 울립니다.  이 경우, 안전을 위해 잠시 휴식 후 운행하시길 권장하고 있습니다.    운전자 주의 경보 시스템은 운전자의 안전편의를 위한 보조장치로, 경고 문구와 경보음이 발생하여도 계속 운행은 가능합니다. 다만, 장시간 운행하시는 경우 운전자의 피로 누적으로 부주의 상태가 지속될 수 있으므로  휴식 후 운행을 권장합니다. 휴식을 위해서는 안전한 장소에 주·정차 하시고 휴식을 취해주시기 바랍니다.     * 운전자 주의 경고 시스템 (Daw : Driver Attention Warning)"
기아,차량 정비,9,계절이 바뀔 때마다 엔진오일의 종류를 달리 사용해야 하나요?,"주행 중 운전자의 피로 및 부주의 상태를 판단하여 알려주는 시스템 입니다.  계기판을 통해 주의운전 상태를 5단계의 레벨로 나타내주고, 주의운전 상태가 1레벨 미만으로 떨어질 경우 계기판의 휴식 권유 문구가 표시되며 경고음이 울립니다.  이 경우, 안전을 위해 잠시 휴식 후 운행하시길 권장하고 있습니다.    운전자 주의 경보 시스템은 운전자의 안전편의를 위한 보조장치로, 경고 문구와 경보음이 발생하여도 계속 운행은 가능합니다. 다만, 장시간 운행하시는 경우 운전자의 피로 누적으로 부주의 상태가 지속될 수 있으므로  휴식 후 운행을 권장합니다. 휴식을 위해서는 안전한 장소에 주·정차 하시고 휴식을 취해주시기 바랍니다.     * 운전자 주의 경고 시스템 (Daw : Driver Attention Warning)"
기아,차량 정비,9,"DPF(CPF)가 장착되어 있는데, 운행 중 백연(흰 연기)가 발생하는 것은 정상인가요?","주행 중 운전자의 피로 및 부주의 상태를 판단하여 알려주는 시스템 입니다.  계기판을 통해 주의운전 상태를 5단계의 레벨로 나타내주고, 주의운전 상태가 1레벨 미만으로 떨어질 경우 계기판의 휴식 권유 문구가 표시되며 경고음이 울립니다.  이 경우, 안전을 위해 잠시 휴식 후 운행하시길 권장하고 있습니다.    운전자 주의 경보 시스템은 운전자의 안전편의를 위한 보조장치로, 경고 문구와 경보음이 발생하여도 계속 운행은 가능합니다. 다만, 장시간 운행하시는 경우 운전자의 피로 누적으로 부주의 상태가 지속될 수 있으므로  휴식 후 운행을 권장합니다. 휴식을 위해서는 안전한 장소에 주·정차 하시고 휴식을 취해주시기 바랍니다.     * 운전자 주의 경고 시스템 (Daw : Driver Attention Warning)"
기아,차량 정비,9,냉각수 점검·보충 시 부동액의 농도(비율)는 어느 정도가 적절한가요?,"주행 중 운전자의 피로 및 부주의 상태를 판단하여 알려주는 시스템 입니다.  계기판을 통해 주의운전 상태를 5단계의 레벨로 나타내주고, 주의운전 상태가 1레벨 미만으로 떨어질 경우 계기판의 휴식 권유 문구가 표시되며 경고음이 울립니다.  이 경우, 안전을 위해 잠시 휴식 후 운행하시길 권장하고 있습니다.    운전자 주의 경보 시스템은 운전자의 안전편의를 위한 보조장치로, 경고 문구와 경보음이 발생하여도 계속 운행은 가능합니다. 다만, 장시간 운행하시는 경우 운전자의 피로 누적으로 부주의 상태가 지속될 수 있으므로  휴식 후 운행을 권장합니다. 휴식을 위해서는 안전한 장소에 주·정차 하시고 휴식을 취해주시기 바랍니다.     * 운전자 주의 경고 시스템 (Daw : Driver Attention Warning)"
기아,차량 정비,9,주차 시 바닥에 액체가 떨어져 있습니다. 왜 그런 거죠?,"주행 중 운전자의 피로 및 부주의 상태를 판단하여 알려주는 시스템 입니다.  계기판을 통해 주의운전 상태를 5단계의 레벨로 나타내주고, 주의운전 상태가 1레벨 미만으로 떨어질 경우 계기판의 휴식 권유 문구가 표시되며 경고음이 울립니다.  이 경우, 안전을 위해 잠시 휴식 후 운행하시길 권장하고 있습니다.    운전자 주의 경보 시스템은 운전자의 안전편의를 위한 보조장치로, 경고 문구와 경보음이 발생하여도 계속 운행은 가능합니다. 다만, 장시간 운행하시는 경우 운전자의 피로 누적으로 부주의 상태가 지속될 수 있으므로  휴식 후 운행을 권장합니다. 휴식을 위해서는 안전한 장소에 주·정차 하시고 휴식을 취해주시기 바랍니다.     * 운전자 주의 경고 시스템 (Daw : Driver Attention Warning)"
기아,차량 정비,9,자동차 배기계통에서 이상 소음(이음)이 발생하는데 왜 그런가요?,"주행 중 운전자의 피로 및 부주의 상태를 판단하여 알려주는 시스템 입니다.  계기판을 통해 주의운전 상태를 5단계의 레벨로 나타내주고, 주의운전 상태가 1레벨 미만으로 떨어질 경우 계기판의 휴식 권유 문구가 표시되며 경고음이 울립니다.  이 경우, 안전을 위해 잠시 휴식 후 운행하시길 권장하고 있습니다.    운전자 주의 경보 시스템은 운전자의 안전편의를 위한 보조장치로, 경고 문구와 경보음이 발생하여도 계속 운행은 가능합니다. 다만, 장시간 운행하시는 경우 운전자의 피로 누적으로 부주의 상태가 지속될 수 있으므로  휴식 후 운행을 권장합니다. 휴식을 위해서는 안전한 장소에 주·정차 하시고 휴식을 취해주시기 바랍니다.     * 운전자 주의 경고 시스템 (Daw : Driver Attention Warning)"
기아,차량 정비,10,자동차 엔진계통에서 이상 소음(이음)이 발생하는데 왜 그런가요?,"일반적으로 엔진에서 발생하는 소음은 부품 마찰에 의한 금속음, 벨트/고무류의 미끌림에 의한 마찰음, 연소 시 폭발음 등이 있으며, 평소와 다른 비정상적 이음은 엔진의 고장징후로 볼 수 있습니다.      다음과 같이 엔진에서 비정상적인 소음/이음이 발생하는 경우, 문제 및 원인은 엔지니어의 점검 및 진단이  필요하므로 가까운 오토큐 또는 지정 정비공장에 방문하셔서 차량 점검을 받아보시기 바랍니다.     ① 시동모터가 힘 없이 ""틱 틱""하면서 뭔가 걸리는 듯한 소리를 내며 회전하는 경우   · 원인 : 충전장치 불량, 배터리 노후에 따른 성능저하, 배터리 방전 등  · 조치 : 충전장치 및 배터리 상태 점검/교환      ② 시동 혹은 가속 시 ""삐~익""하는 날카로운 소리가 들리는 경우   · 원인 : 구동벨트의 장력 불량/손상으로 벨트가 미끄러지는 현상 (부하가 큰 에어컨 가동 시 더욱 크게 들림)   · 조치 : 구동벨트 장력 조정, 구동벨트 손상 시 신품으로 교체      ③ 주행 가속 시 ""까르륵""하는 날카로운 금속성 소리가 들리는 경우  · 원인 : 노킹(knocking) 발생, 엔진에 치명적인 고장 초래   · 조치 : 노킹발생 원인에 따른 적절한 조치 필요   AUTO Q 검색/예약"
기아,차량 정비,10,스마트 내비게이션의 미러링크 기능과 가능한 휴대폰은 무엇입니까?,"일반적으로 엔진에서 발생하는 소음은 부품 마찰에 의한 금속음, 벨트/고무류의 미끌림에 의한 마찰음, 연소 시 폭발음 등이 있으며, 평소와 다른 비정상적 이음은 엔진의 고장징후로 볼 수 있습니다.      다음과 같이 엔진에서 비정상적인 소음/이음이 발생하는 경우, 문제 및 원인은 엔지니어의 점검 및 진단이  필요하므로 가까운 오토큐 또는 지정 정비공장에 방문하셔서 차량 점검을 받아보시기 바랍니다.     ① 시동모터가 힘 없이 ""틱 틱""하면서 뭔가 걸리는 듯한 소리를 내며 회전하는 경우   · 원인 : 충전장치 불량, 배터리 노후에 따른 성능저하, 배터리 방전 등  · 조치 : 충전장치 및 배터리 상태 점검/교환      ② 시동 혹은 가속 시 ""삐~익""하는 날카로운 소리가 들리는 경우   · 원인 : 구동벨트의 장력 불량/손상으로 벨트가 미끄러지는 현상 (부하가 큰 에어컨 가동 시 더욱 크게 들림)   · 조치 : 구동벨트 장력 조정, 구동벨트 손상 시 신품으로 교체      ③ 주행 가속 시 ""까르륵""하는 날카로운 금속성 소리가 들리는 경우  · 원인 : 노킹(knocking) 발생, 엔진에 치명적인 고장 초래   · 조치 : 노킹발생 원인에 따른 적절한 조치 필요   AUTO Q 검색/예약"
기아,차량 정비,10,차로 안전을 위한 주행보조 시스템은 무엇이 있나요?,"일반적으로 엔진에서 발생하는 소음은 부품 마찰에 의한 금속음, 벨트/고무류의 미끌림에 의한 마찰음, 연소 시 폭발음 등이 있으며, 평소와 다른 비정상적 이음은 엔진의 고장징후로 볼 수 있습니다.      다음과 같이 엔진에서 비정상적인 소음/이음이 발생하는 경우, 문제 및 원인은 엔지니어의 점검 및 진단이  필요하므로 가까운 오토큐 또는 지정 정비공장에 방문하셔서 차량 점검을 받아보시기 바랍니다.     ① 시동모터가 힘 없이 ""틱 틱""하면서 뭔가 걸리는 듯한 소리를 내며 회전하는 경우   · 원인 : 충전장치 불량, 배터리 노후에 따른 성능저하, 배터리 방전 등  · 조치 : 충전장치 및 배터리 상태 점검/교환      ② 시동 혹은 가속 시 ""삐~익""하는 날카로운 소리가 들리는 경우   · 원인 : 구동벨트의 장력 불량/손상으로 벨트가 미끄러지는 현상 (부하가 큰 에어컨 가동 시 더욱 크게 들림)   · 조치 : 구동벨트 장력 조정, 구동벨트 손상 시 신품으로 교체      ③ 주행 가속 시 ""까르륵""하는 날카로운 금속성 소리가 들리는 경우  · 원인 : 노킹(knocking) 발생, 엔진에 치명적인 고장 초래   · 조치 : 노킹발생 원인에 따른 적절한 조치 필요   AUTO Q 검색/예약"
기아,차량 정비,10,후측방 안전을 위한 주행보조 시스템은 무엇이 있나요?,"일반적으로 엔진에서 발생하는 소음은 부품 마찰에 의한 금속음, 벨트/고무류의 미끌림에 의한 마찰음, 연소 시 폭발음 등이 있으며, 평소와 다른 비정상적 이음은 엔진의 고장징후로 볼 수 있습니다.      다음과 같이 엔진에서 비정상적인 소음/이음이 발생하는 경우, 문제 및 원인은 엔지니어의 점검 및 진단이  필요하므로 가까운 오토큐 또는 지정 정비공장에 방문하셔서 차량 점검을 받아보시기 바랍니다.     ① 시동모터가 힘 없이 ""틱 틱""하면서 뭔가 걸리는 듯한 소리를 내며 회전하는 경우   · 원인 : 충전장치 불량, 배터리 노후에 따른 성능저하, 배터리 방전 등  · 조치 : 충전장치 및 배터리 상태 점검/교환      ② 시동 혹은 가속 시 ""삐~익""하는 날카로운 소리가 들리는 경우   · 원인 : 구동벨트의 장력 불량/손상으로 벨트가 미끄러지는 현상 (부하가 큰 에어컨 가동 시 더욱 크게 들림)   · 조치 : 구동벨트 장력 조정, 구동벨트 손상 시 신품으로 교체      ③ 주행 가속 시 ""까르륵""하는 날카로운 금속성 소리가 들리는 경우  · 원인 : 노킹(knocking) 발생, 엔진에 치명적인 고장 초래   · 조치 : 노킹발생 원인에 따른 적절한 조치 필요   AUTO Q 검색/예약"
기아,차량 정비,10,주행모드 통합제어 시스템이 무엇인가요?,"일반적으로 엔진에서 발생하는 소음은 부품 마찰에 의한 금속음, 벨트/고무류의 미끌림에 의한 마찰음, 연소 시 폭발음 등이 있으며, 평소와 다른 비정상적 이음은 엔진의 고장징후로 볼 수 있습니다.      다음과 같이 엔진에서 비정상적인 소음/이음이 발생하는 경우, 문제 및 원인은 엔지니어의 점검 및 진단이  필요하므로 가까운 오토큐 또는 지정 정비공장에 방문하셔서 차량 점검을 받아보시기 바랍니다.     ① 시동모터가 힘 없이 ""틱 틱""하면서 뭔가 걸리는 듯한 소리를 내며 회전하는 경우   · 원인 : 충전장치 불량, 배터리 노후에 따른 성능저하, 배터리 방전 등  · 조치 : 충전장치 및 배터리 상태 점검/교환      ② 시동 혹은 가속 시 ""삐~익""하는 날카로운 소리가 들리는 경우   · 원인 : 구동벨트의 장력 불량/손상으로 벨트가 미끄러지는 현상 (부하가 큰 에어컨 가동 시 더욱 크게 들림)   · 조치 : 구동벨트 장력 조정, 구동벨트 손상 시 신품으로 교체      ③ 주행 가속 시 ""까르륵""하는 날카로운 금속성 소리가 들리는 경우  · 원인 : 노킹(knocking) 발생, 엔진에 치명적인 고장 초래   · 조치 : 노킹발생 원인에 따른 적절한 조치 필요   AUTO Q 검색/예약"
기아,차량 정비,10,하이브리드 구동 원리는 무엇인가요?,"일반적으로 엔진에서 발생하는 소음은 부품 마찰에 의한 금속음, 벨트/고무류의 미끌림에 의한 마찰음, 연소 시 폭발음 등이 있으며, 평소와 다른 비정상적 이음은 엔진의 고장징후로 볼 수 있습니다.      다음과 같이 엔진에서 비정상적인 소음/이음이 발생하는 경우, 문제 및 원인은 엔지니어의 점검 및 진단이  필요하므로 가까운 오토큐 또는 지정 정비공장에 방문하셔서 차량 점검을 받아보시기 바랍니다.     ① 시동모터가 힘 없이 ""틱 틱""하면서 뭔가 걸리는 듯한 소리를 내며 회전하는 경우   · 원인 : 충전장치 불량, 배터리 노후에 따른 성능저하, 배터리 방전 등  · 조치 : 충전장치 및 배터리 상태 점검/교환      ② 시동 혹은 가속 시 ""삐~익""하는 날카로운 소리가 들리는 경우   · 원인 : 구동벨트의 장력 불량/손상으로 벨트가 미끄러지는 현상 (부하가 큰 에어컨 가동 시 더욱 크게 들림)   · 조치 : 구동벨트 장력 조정, 구동벨트 손상 시 신품으로 교체      ③ 주행 가속 시 ""까르륵""하는 날카로운 금속성 소리가 들리는 경우  · 원인 : 노킹(knocking) 발생, 엔진에 치명적인 고장 초래   · 조치 : 노킹발생 원인에 따른 적절한 조치 필요   AUTO Q 검색/예약"
기아,차량 정비,10,요소수 보충주기와 어떤 제품으로 구매해야 하나요?,"일반적으로 엔진에서 발생하는 소음은 부품 마찰에 의한 금속음, 벨트/고무류의 미끌림에 의한 마찰음, 연소 시 폭발음 등이 있으며, 평소와 다른 비정상적 이음은 엔진의 고장징후로 볼 수 있습니다.      다음과 같이 엔진에서 비정상적인 소음/이음이 발생하는 경우, 문제 및 원인은 엔지니어의 점검 및 진단이  필요하므로 가까운 오토큐 또는 지정 정비공장에 방문하셔서 차량 점검을 받아보시기 바랍니다.     ① 시동모터가 힘 없이 ""틱 틱""하면서 뭔가 걸리는 듯한 소리를 내며 회전하는 경우   · 원인 : 충전장치 불량, 배터리 노후에 따른 성능저하, 배터리 방전 등  · 조치 : 충전장치 및 배터리 상태 점검/교환      ② 시동 혹은 가속 시 ""삐~익""하는 날카로운 소리가 들리는 경우   · 원인 : 구동벨트의 장력 불량/손상으로 벨트가 미끄러지는 현상 (부하가 큰 에어컨 가동 시 더욱 크게 들림)   · 조치 : 구동벨트 장력 조정, 구동벨트 손상 시 신품으로 교체      ③ 주행 가속 시 ""까르륵""하는 날카로운 금속성 소리가 들리는 경우  · 원인 : 노킹(knocking) 발생, 엔진에 치명적인 고장 초래   · 조치 : 노킹발생 원인에 따른 적절한 조치 필요   AUTO Q 검색/예약"
기아,차량 정비,10,요소수 시스템(SCR)이 무엇인가요?,"일반적으로 엔진에서 발생하는 소음은 부품 마찰에 의한 금속음, 벨트/고무류의 미끌림에 의한 마찰음, 연소 시 폭발음 등이 있으며, 평소와 다른 비정상적 이음은 엔진의 고장징후로 볼 수 있습니다.      다음과 같이 엔진에서 비정상적인 소음/이음이 발생하는 경우, 문제 및 원인은 엔지니어의 점검 및 진단이  필요하므로 가까운 오토큐 또는 지정 정비공장에 방문하셔서 차량 점검을 받아보시기 바랍니다.     ① 시동모터가 힘 없이 ""틱 틱""하면서 뭔가 걸리는 듯한 소리를 내며 회전하는 경우   · 원인 : 충전장치 불량, 배터리 노후에 따른 성능저하, 배터리 방전 등  · 조치 : 충전장치 및 배터리 상태 점검/교환      ② 시동 혹은 가속 시 ""삐~익""하는 날카로운 소리가 들리는 경우   · 원인 : 구동벨트의 장력 불량/손상으로 벨트가 미끄러지는 현상 (부하가 큰 에어컨 가동 시 더욱 크게 들림)   · 조치 : 구동벨트 장력 조정, 구동벨트 손상 시 신품으로 교체      ③ 주행 가속 시 ""까르륵""하는 날카로운 금속성 소리가 들리는 경우  · 원인 : 노킹(knocking) 발생, 엔진에 치명적인 고장 초래   · 조치 : 노킹발생 원인에 따른 적절한 조치 필요   AUTO Q 검색/예약"
기아,차량 정비,10,냉각수를 임시적으로 보충하려면 무엇을 사용해야 하나요?,"일반적으로 엔진에서 발생하는 소음은 부품 마찰에 의한 금속음, 벨트/고무류의 미끌림에 의한 마찰음, 연소 시 폭발음 등이 있으며, 평소와 다른 비정상적 이음은 엔진의 고장징후로 볼 수 있습니다.      다음과 같이 엔진에서 비정상적인 소음/이음이 발생하는 경우, 문제 및 원인은 엔지니어의 점검 및 진단이  필요하므로 가까운 오토큐 또는 지정 정비공장에 방문하셔서 차량 점검을 받아보시기 바랍니다.     ① 시동모터가 힘 없이 ""틱 틱""하면서 뭔가 걸리는 듯한 소리를 내며 회전하는 경우   · 원인 : 충전장치 불량, 배터리 노후에 따른 성능저하, 배터리 방전 등  · 조치 : 충전장치 및 배터리 상태 점검/교환      ② 시동 혹은 가속 시 ""삐~익""하는 날카로운 소리가 들리는 경우   · 원인 : 구동벨트의 장력 불량/손상으로 벨트가 미끄러지는 현상 (부하가 큰 에어컨 가동 시 더욱 크게 들림)   · 조치 : 구동벨트 장력 조정, 구동벨트 손상 시 신품으로 교체      ③ 주행 가속 시 ""까르륵""하는 날카로운 금속성 소리가 들리는 경우  · 원인 : 노킹(knocking) 발생, 엔진에 치명적인 고장 초래   · 조치 : 노킹발생 원인에 따른 적절한 조치 필요   AUTO Q 검색/예약"
기아,차량 정비,10,전방 안전을 위한 주행보조 시스템은 무엇이 있나요?,"일반적으로 엔진에서 발생하는 소음은 부품 마찰에 의한 금속음, 벨트/고무류의 미끌림에 의한 마찰음, 연소 시 폭발음 등이 있으며, 평소와 다른 비정상적 이음은 엔진의 고장징후로 볼 수 있습니다.      다음과 같이 엔진에서 비정상적인 소음/이음이 발생하는 경우, 문제 및 원인은 엔지니어의 점검 및 진단이  필요하므로 가까운 오토큐 또는 지정 정비공장에 방문하셔서 차량 점검을 받아보시기 바랍니다.     ① 시동모터가 힘 없이 ""틱 틱""하면서 뭔가 걸리는 듯한 소리를 내며 회전하는 경우   · 원인 : 충전장치 불량, 배터리 노후에 따른 성능저하, 배터리 방전 등  · 조치 : 충전장치 및 배터리 상태 점검/교환      ② 시동 혹은 가속 시 ""삐~익""하는 날카로운 소리가 들리는 경우   · 원인 : 구동벨트의 장력 불량/손상으로 벨트가 미끄러지는 현상 (부하가 큰 에어컨 가동 시 더욱 크게 들림)   · 조치 : 구동벨트 장력 조정, 구동벨트 손상 시 신품으로 교체      ③ 주행 가속 시 ""까르륵""하는 날카로운 금속성 소리가 들리는 경우  · 원인 : 노킹(knocking) 발생, 엔진에 치명적인 고장 초래   · 조치 : 노킹발생 원인에 따른 적절한 조치 필요   AUTO Q 검색/예약"
기아,차량 정비,11,에어컨 작동 시 냄새가 납니다. 냄새를 예방하는 방법이 있나요?,운행을 마치기 3~5분 전에 미리 에어컨을 끄시고 바람만 나오도록 작동시켜  증발기 내부의 수분을 말려주면 세균의 번식을 방지하여 냄새를 억제할 수 있습니다.  그 외 에어컨 필터를 주기적으로 점검/교환하여 이물질이 쌓이지 않도록  관리하시면 최대한 냄새를 방지할 수 있습니다.
기아,차량 정비,11,차량 정비 전 블랙박스 전원을 꺼야 하나요?,운행을 마치기 3~5분 전에 미리 에어컨을 끄시고 바람만 나오도록 작동시켜  증발기 내부의 수분을 말려주면 세균의 번식을 방지하여 냄새를 억제할 수 있습니다.  그 외 에어컨 필터를 주기적으로 점검/교환하여 이물질이 쌓이지 않도록  관리하시면 최대한 냄새를 방지할 수 있습니다.
기아,차량 정비,11,주간 주행등(DRL) 기능은 무엇인가요?,운행을 마치기 3~5분 전에 미리 에어컨을 끄시고 바람만 나오도록 작동시켜  증발기 내부의 수분을 말려주면 세균의 번식을 방지하여 냄새를 억제할 수 있습니다.  그 외 에어컨 필터를 주기적으로 점검/교환하여 이물질이 쌓이지 않도록  관리하시면 최대한 냄새를 방지할 수 있습니다.
기아,차량 정비,11,LPG와 LPI 차량은 어떻게 다른가요?,운행을 마치기 3~5분 전에 미리 에어컨을 끄시고 바람만 나오도록 작동시켜  증발기 내부의 수분을 말려주면 세균의 번식을 방지하여 냄새를 억제할 수 있습니다.  그 외 에어컨 필터를 주기적으로 점검/교환하여 이물질이 쌓이지 않도록  관리하시면 최대한 냄새를 방지할 수 있습니다.
기아,차량 정비,11,연료 잔량 경고등이 점등되면 몇 km 정도 운행을 할 수 있나요?,운행을 마치기 3~5분 전에 미리 에어컨을 끄시고 바람만 나오도록 작동시켜  증발기 내부의 수분을 말려주면 세균의 번식을 방지하여 냄새를 억제할 수 있습니다.  그 외 에어컨 필터를 주기적으로 점검/교환하여 이물질이 쌓이지 않도록  관리하시면 최대한 냄새를 방지할 수 있습니다.
기아,차량 정비,11,엔진 체크 경고등이 점등됩니다. 왜 그런가요?,운행을 마치기 3~5분 전에 미리 에어컨을 끄시고 바람만 나오도록 작동시켜  증발기 내부의 수분을 말려주면 세균의 번식을 방지하여 냄새를 억제할 수 있습니다.  그 외 에어컨 필터를 주기적으로 점검/교환하여 이물질이 쌓이지 않도록  관리하시면 최대한 냄새를 방지할 수 있습니다.
기아,차량 정비,11,에어컨 작동 시 냉방성능이 떨어집니다. 왜 그런가요?,운행을 마치기 3~5분 전에 미리 에어컨을 끄시고 바람만 나오도록 작동시켜  증발기 내부의 수분을 말려주면 세균의 번식을 방지하여 냄새를 억제할 수 있습니다.  그 외 에어컨 필터를 주기적으로 점검/교환하여 이물질이 쌓이지 않도록  관리하시면 최대한 냄새를 방지할 수 있습니다.
기아,차량 정비,11,에어백 작동 조건을 알고 싶습니다.,운행을 마치기 3~5분 전에 미리 에어컨을 끄시고 바람만 나오도록 작동시켜  증발기 내부의 수분을 말려주면 세균의 번식을 방지하여 냄새를 억제할 수 있습니다.  그 외 에어컨 필터를 주기적으로 점검/교환하여 이물질이 쌓이지 않도록  관리하시면 최대한 냄새를 방지할 수 있습니다.
기아,차량 정비,11,수리비용이 오토큐에 따라 상이할 수 있나요?,운행을 마치기 3~5분 전에 미리 에어컨을 끄시고 바람만 나오도록 작동시켜  증발기 내부의 수분을 말려주면 세균의 번식을 방지하여 냄새를 억제할 수 있습니다.  그 외 에어컨 필터를 주기적으로 점검/교환하여 이물질이 쌓이지 않도록  관리하시면 최대한 냄새를 방지할 수 있습니다.
기아,차량 정비,11,엔진오일이 부족할 경우 어떠한 증상이 있나요?,운행을 마치기 3~5분 전에 미리 에어컨을 끄시고 바람만 나오도록 작동시켜  증발기 내부의 수분을 말려주면 세균의 번식을 방지하여 냄새를 억제할 수 있습니다.  그 외 에어컨 필터를 주기적으로 점검/교환하여 이물질이 쌓이지 않도록  관리하시면 최대한 냄새를 방지할 수 있습니다.
기아,차량 정비,12,실제 주행속도와 계기판에 표시되는 속도는 왜 차이가 있나요?,"자동차의 내부 속도계는 운전자의 안전을 위해 과속으로 인한 사고를 방지하고자 실제주행속도보다 약 3%~10%정도 높게 표시 되고 있습니다.  또한, 내비게이션 속도와는 표시되는 기술적 방법이 다르기 때문에 계기판에 표시되는 속도와 상이 할 수 있습니다."
기아,차량 정비,12,타이어 공기압이 낮거나 높을때 어떤 현상이 있나요?,"자동차의 내부 속도계는 운전자의 안전을 위해 과속으로 인한 사고를 방지하고자 실제주행속도보다 약 3%~10%정도 높게 표시 되고 있습니다.  또한, 내비게이션 속도와는 표시되는 기술적 방법이 다르기 때문에 계기판에 표시되는 속도와 상이 할 수 있습니다."
기아,차량 정비,12,차 안에서 뒷 도어가 열리지 않습니다.,"자동차의 내부 속도계는 운전자의 안전을 위해 과속으로 인한 사고를 방지하고자 실제주행속도보다 약 3%~10%정도 높게 표시 되고 있습니다.  또한, 내비게이션 속도와는 표시되는 기술적 방법이 다르기 때문에 계기판에 표시되는 속도와 상이 할 수 있습니다."
기아,차량 정비,12,겨울철 머플러에서 물이 떨어지는데 왜 그런가요?,"자동차의 내부 속도계는 운전자의 안전을 위해 과속으로 인한 사고를 방지하고자 실제주행속도보다 약 3%~10%정도 높게 표시 되고 있습니다.  또한, 내비게이션 속도와는 표시되는 기술적 방법이 다르기 때문에 계기판에 표시되는 속도와 상이 할 수 있습니다."
기아,차량 정비,12,차량 하체부분에서 물이 떨어집니다. 왜 그런가요?,"자동차의 내부 속도계는 운전자의 안전을 위해 과속으로 인한 사고를 방지하고자 실제주행속도보다 약 3%~10%정도 높게 표시 되고 있습니다.  또한, 내비게이션 속도와는 표시되는 기술적 방법이 다르기 때문에 계기판에 표시되는 속도와 상이 할 수 있습니다."
기아,차량 정비,12,직영 서비스센터 운영 시간은 어떻게 됩니까?,"자동차의 내부 속도계는 운전자의 안전을 위해 과속으로 인한 사고를 방지하고자 실제주행속도보다 약 3%~10%정도 높게 표시 되고 있습니다.  또한, 내비게이션 속도와는 표시되는 기술적 방법이 다르기 때문에 계기판에 표시되는 속도와 상이 할 수 있습니다."
기아,차량 정비,12,온라인을 통해 오토큐에 정비예약을 할 수 있나요?,"자동차의 내부 속도계는 운전자의 안전을 위해 과속으로 인한 사고를 방지하고자 실제주행속도보다 약 3%~10%정도 높게 표시 되고 있습니다.  또한, 내비게이션 속도와는 표시되는 기술적 방법이 다르기 때문에 계기판에 표시되는 속도와 상이 할 수 있습니다."
기아,차량 정비,12,사용설명 분실했는데 어떻게 재발급 받을 수 있나요?,"자동차의 내부 속도계는 운전자의 안전을 위해 과속으로 인한 사고를 방지하고자 실제주행속도보다 약 3%~10%정도 높게 표시 되고 있습니다.  또한, 내비게이션 속도와는 표시되는 기술적 방법이 다르기 때문에 계기판에 표시되는 속도와 상이 할 수 있습니다."
기아,차량 정비,12,6년간 24시간 무상긴급출동 서비스에 대해 알려주세요,"자동차의 내부 속도계는 운전자의 안전을 위해 과속으로 인한 사고를 방지하고자 실제주행속도보다 약 3%~10%정도 높게 표시 되고 있습니다.  또한, 내비게이션 속도와는 표시되는 기술적 방법이 다르기 때문에 계기판에 표시되는 속도와 상이 할 수 있습니다."
기아,차량 정비,12,사고차 무상 견인 서비스에 대해 알려주세요,"자동차의 내부 속도계는 운전자의 안전을 위해 과속으로 인한 사고를 방지하고자 실제주행속도보다 약 3%~10%정도 높게 표시 되고 있습니다.  또한, 내비게이션 속도와는 표시되는 기술적 방법이 다르기 때문에 계기판에 표시되는 속도와 상이 할 수 있습니다."
기아,차량 정비,13,프리케어 서비스 대상 차종과 서비스 내용은 무엇이 있나요?,"· 본 프리케어 서비스는 고객님의 편의를 위하여 차량 연령 및 주행거리와 무관하게 사용하실 수 있습니다.  (단, 신형 K5 / 신형 K7 / 신형 모하비 / 니로는 출고 후 5년 내 한정) · 엔진오일 교환 시 오일필터 및 에어크리너를 함께 교체해 드립니다.  · 각 서비스 항목은 당사 전산으로 차량 별 관리되고 있어 정해진 횟수를 초과하여 받으실 수 없습니다.  · 해당 서비스는 기아 AUTO Q 직영 서비스센터 또는 서비스협력사에서만 제공됩니다."
기아,차량 정비,13,정기점검서비스에 대해 자세히 알려주세요,"· 본 프리케어 서비스는 고객님의 편의를 위하여 차량 연령 및 주행거리와 무관하게 사용하실 수 있습니다.  (단, 신형 K5 / 신형 K7 / 신형 모하비 / 니로는 출고 후 5년 내 한정) · 엔진오일 교환 시 오일필터 및 에어크리너를 함께 교체해 드립니다.  · 각 서비스 항목은 당사 전산으로 차량 별 관리되고 있어 정해진 횟수를 초과하여 받으실 수 없습니다.  · 해당 서비스는 기아 AUTO Q 직영 서비스센터 또는 서비스협력사에서만 제공됩니다."
기아,차량 정비,13,정기점검 대상기간에 대해 알려주세요,"· 본 프리케어 서비스는 고객님의 편의를 위하여 차량 연령 및 주행거리와 무관하게 사용하실 수 있습니다.  (단, 신형 K5 / 신형 K7 / 신형 모하비 / 니로는 출고 후 5년 내 한정) · 엔진오일 교환 시 오일필터 및 에어크리너를 함께 교체해 드립니다.  · 각 서비스 항목은 당사 전산으로 차량 별 관리되고 있어 정해진 횟수를 초과하여 받으실 수 없습니다.  · 해당 서비스는 기아 AUTO Q 직영 서비스센터 또는 서비스협력사에서만 제공됩니다."
기아,차량 정비,13,"자동차 정기검사는 언제, 어디서 받는건가요?","· 본 프리케어 서비스는 고객님의 편의를 위하여 차량 연령 및 주행거리와 무관하게 사용하실 수 있습니다.  (단, 신형 K5 / 신형 K7 / 신형 모하비 / 니로는 출고 후 5년 내 한정) · 엔진오일 교환 시 오일필터 및 에어크리너를 함께 교체해 드립니다.  · 각 서비스 항목은 당사 전산으로 차량 별 관리되고 있어 정해진 횟수를 초과하여 받으실 수 없습니다.  · 해당 서비스는 기아 AUTO Q 직영 서비스센터 또는 서비스협력사에서만 제공됩니다."
기아,차량 정비,13,본인 차량의 정비내역을 확인하고 싶습니다,"· 본 프리케어 서비스는 고객님의 편의를 위하여 차량 연령 및 주행거리와 무관하게 사용하실 수 있습니다.  (단, 신형 K5 / 신형 K7 / 신형 모하비 / 니로는 출고 후 5년 내 한정) · 엔진오일 교환 시 오일필터 및 에어크리너를 함께 교체해 드립니다.  · 각 서비스 항목은 당사 전산으로 차량 별 관리되고 있어 정해진 횟수를 초과하여 받으실 수 없습니다.  · 해당 서비스는 기아 AUTO Q 직영 서비스센터 또는 서비스협력사에서만 제공됩니다."
기아,차량 정비,13,일반 리모컨 적용 차량인 경우 보조키로 도어잠금 해제 시 경보음이 발생합니다,"· 본 프리케어 서비스는 고객님의 편의를 위하여 차량 연령 및 주행거리와 무관하게 사용하실 수 있습니다.  (단, 신형 K5 / 신형 K7 / 신형 모하비 / 니로는 출고 후 5년 내 한정) · 엔진오일 교환 시 오일필터 및 에어크리너를 함께 교체해 드립니다.  · 각 서비스 항목은 당사 전산으로 차량 별 관리되고 있어 정해진 횟수를 초과하여 받으실 수 없습니다.  · 해당 서비스는 기아 AUTO Q 직영 서비스센터 또는 서비스협력사에서만 제공됩니다."
기아,차량 정비,13,일반 리모컨 또는 스마트 키 차량의 핸들 락(잠김) 해제 방법을 알려주세요,"· 본 프리케어 서비스는 고객님의 편의를 위하여 차량 연령 및 주행거리와 무관하게 사용하실 수 있습니다.  (단, 신형 K5 / 신형 K7 / 신형 모하비 / 니로는 출고 후 5년 내 한정) · 엔진오일 교환 시 오일필터 및 에어크리너를 함께 교체해 드립니다.  · 각 서비스 항목은 당사 전산으로 차량 별 관리되고 있어 정해진 횟수를 초과하여 받으실 수 없습니다.  · 해당 서비스는 기아 AUTO Q 직영 서비스센터 또는 서비스협력사에서만 제공됩니다."
기아,차량 정비,13,배터리 방전 시 점프 스타트 방법은 무엇인가요?,"· 본 프리케어 서비스는 고객님의 편의를 위하여 차량 연령 및 주행거리와 무관하게 사용하실 수 있습니다.  (단, 신형 K5 / 신형 K7 / 신형 모하비 / 니로는 출고 후 5년 내 한정) · 엔진오일 교환 시 오일필터 및 에어크리너를 함께 교체해 드립니다.  · 각 서비스 항목은 당사 전산으로 차량 별 관리되고 있어 정해진 횟수를 초과하여 받으실 수 없습니다.  · 해당 서비스는 기아 AUTO Q 직영 서비스센터 또는 서비스협력사에서만 제공됩니다."
기아,차량 정비,13,차체 자세 제어장치(VDC) 기능이 무엇인가요?,"· 본 프리케어 서비스는 고객님의 편의를 위하여 차량 연령 및 주행거리와 무관하게 사용하실 수 있습니다.  (단, 신형 K5 / 신형 K7 / 신형 모하비 / 니로는 출고 후 5년 내 한정) · 엔진오일 교환 시 오일필터 및 에어크리너를 함께 교체해 드립니다.  · 각 서비스 항목은 당사 전산으로 차량 별 관리되고 있어 정해진 횟수를 초과하여 받으실 수 없습니다.  · 해당 서비스는 기아 AUTO Q 직영 서비스센터 또는 서비스협력사에서만 제공됩니다."
기아,차량 정비,13,자동요금징수 시스템(ETCS) 기능이 무엇인가요?,"· 본 프리케어 서비스는 고객님의 편의를 위하여 차량 연령 및 주행거리와 무관하게 사용하실 수 있습니다.  (단, 신형 K5 / 신형 K7 / 신형 모하비 / 니로는 출고 후 5년 내 한정) · 엔진오일 교환 시 오일필터 및 에어크리너를 함께 교체해 드립니다.  · 각 서비스 항목은 당사 전산으로 차량 별 관리되고 있어 정해진 횟수를 초과하여 받으실 수 없습니다.  · 해당 서비스는 기아 AUTO Q 직영 서비스센터 또는 서비스협력사에서만 제공됩니다."
기아,차량 정비,14,액티브 에코 시스템과 에코 드라이브 시스템의 차이점은 무엇인가요?,"액티브 에코는 차량의 엔진, 변속기, 에어컨 제어를 통해 연비를 향상시키도록 도움을 주는 장치이며, 운전자가 액티브 에코 버튼을 누르면 계기판에 녹색 표시등(ECO)이 켜지며 경제운전 모드로 전환됩니다. 또한, 액티브 에코 작동 중 다음과 같은 상황이 발생될 경우 표시등은 변화가 없으나 작동이 제한될 수 있습니다.    미 작동 조건   ① 냉각수 온도가 낮을 때   ② 오르막 길을 주행할 때  ③ 스포츠 모드를 사용할 때     에코 드라이브 시스템은 주행 시 효율적인 연비로 운전할 수 있는 영역을 계기판에 표시하여 운전자에게 알려 줌으로써 주행 시 연비 향상에 도움이 될 수 있도록 표시합니다. 또한, 운전자의 주행조건에 따라 ECO 표시등의 색상이 변경됩니다.  ECO 표시등의 색상 ① 녹색 : 연비 우수  ② 흰색 : 연비 다소 불리 또는 경제 운전 비작동 조건  ③ 적색 : 연비 불리"
기아,차량 정비,14,배기가스 후처리 장치(DPF) 기능이 무엇인가요?,"액티브 에코는 차량의 엔진, 변속기, 에어컨 제어를 통해 연비를 향상시키도록 도움을 주는 장치이며, 운전자가 액티브 에코 버튼을 누르면 계기판에 녹색 표시등(ECO)이 켜지며 경제운전 모드로 전환됩니다. 또한, 액티브 에코 작동 중 다음과 같은 상황이 발생될 경우 표시등은 변화가 없으나 작동이 제한될 수 있습니다.    미 작동 조건   ① 냉각수 온도가 낮을 때   ② 오르막 길을 주행할 때  ③ 스포츠 모드를 사용할 때     에코 드라이브 시스템은 주행 시 효율적인 연비로 운전할 수 있는 영역을 계기판에 표시하여 운전자에게 알려 줌으로써 주행 시 연비 향상에 도움이 될 수 있도록 표시합니다. 또한, 운전자의 주행조건에 따라 ECO 표시등의 색상이 변경됩니다.  ECO 표시등의 색상 ① 녹색 : 연비 우수  ② 흰색 : 연비 다소 불리 또는 경제 운전 비작동 조건  ③ 적색 : 연비 불리"
기아,차량 정비,14,혼유사고 시 어떻게 대처해야 합니까?,"액티브 에코는 차량의 엔진, 변속기, 에어컨 제어를 통해 연비를 향상시키도록 도움을 주는 장치이며, 운전자가 액티브 에코 버튼을 누르면 계기판에 녹색 표시등(ECO)이 켜지며 경제운전 모드로 전환됩니다. 또한, 액티브 에코 작동 중 다음과 같은 상황이 발생될 경우 표시등은 변화가 없으나 작동이 제한될 수 있습니다.    미 작동 조건   ① 냉각수 온도가 낮을 때   ② 오르막 길을 주행할 때  ③ 스포츠 모드를 사용할 때     에코 드라이브 시스템은 주행 시 효율적인 연비로 운전할 수 있는 영역을 계기판에 표시하여 운전자에게 알려 줌으로써 주행 시 연비 향상에 도움이 될 수 있도록 표시합니다. 또한, 운전자의 주행조건에 따라 ECO 표시등의 색상이 변경됩니다.  ECO 표시등의 색상 ① 녹색 : 연비 우수  ② 흰색 : 연비 다소 불리 또는 경제 운전 비작동 조건  ③ 적색 : 연비 불리"
기아,차량 정비,14,타이어 임시 수리 장치는 무엇인가요?,"액티브 에코는 차량의 엔진, 변속기, 에어컨 제어를 통해 연비를 향상시키도록 도움을 주는 장치이며, 운전자가 액티브 에코 버튼을 누르면 계기판에 녹색 표시등(ECO)이 켜지며 경제운전 모드로 전환됩니다. 또한, 액티브 에코 작동 중 다음과 같은 상황이 발생될 경우 표시등은 변화가 없으나 작동이 제한될 수 있습니다.    미 작동 조건   ① 냉각수 온도가 낮을 때   ② 오르막 길을 주행할 때  ③ 스포츠 모드를 사용할 때     에코 드라이브 시스템은 주행 시 효율적인 연비로 운전할 수 있는 영역을 계기판에 표시하여 운전자에게 알려 줌으로써 주행 시 연비 향상에 도움이 될 수 있도록 표시합니다. 또한, 운전자의 주행조건에 따라 ECO 표시등의 색상이 변경됩니다.  ECO 표시등의 색상 ① 녹색 : 연비 우수  ② 흰색 : 연비 다소 불리 또는 경제 운전 비작동 조건  ③ 적색 : 연비 불리"
기아,차량 정비,14,타이어 위치 교환주기 및 방법을 알려주세요,"액티브 에코는 차량의 엔진, 변속기, 에어컨 제어를 통해 연비를 향상시키도록 도움을 주는 장치이며, 운전자가 액티브 에코 버튼을 누르면 계기판에 녹색 표시등(ECO)이 켜지며 경제운전 모드로 전환됩니다. 또한, 액티브 에코 작동 중 다음과 같은 상황이 발생될 경우 표시등은 변화가 없으나 작동이 제한될 수 있습니다.    미 작동 조건   ① 냉각수 온도가 낮을 때   ② 오르막 길을 주행할 때  ③ 스포츠 모드를 사용할 때     에코 드라이브 시스템은 주행 시 효율적인 연비로 운전할 수 있는 영역을 계기판에 표시하여 운전자에게 알려 줌으로써 주행 시 연비 향상에 도움이 될 수 있도록 표시합니다. 또한, 운전자의 주행조건에 따라 ECO 표시등의 색상이 변경됩니다.  ECO 표시등의 색상 ① 녹색 : 연비 우수  ② 흰색 : 연비 다소 불리 또는 경제 운전 비작동 조건  ③ 적색 : 연비 불리"
기아,차량 정비,14,타이어 공기압 감지 시스템(TPMS) 기능은 무엇인가요?,"액티브 에코는 차량의 엔진, 변속기, 에어컨 제어를 통해 연비를 향상시키도록 도움을 주는 장치이며, 운전자가 액티브 에코 버튼을 누르면 계기판에 녹색 표시등(ECO)이 켜지며 경제운전 모드로 전환됩니다. 또한, 액티브 에코 작동 중 다음과 같은 상황이 발생될 경우 표시등은 변화가 없으나 작동이 제한될 수 있습니다.    미 작동 조건   ① 냉각수 온도가 낮을 때   ② 오르막 길을 주행할 때  ③ 스포츠 모드를 사용할 때     에코 드라이브 시스템은 주행 시 효율적인 연비로 운전할 수 있는 영역을 계기판에 표시하여 운전자에게 알려 줌으로써 주행 시 연비 향상에 도움이 될 수 있도록 표시합니다. 또한, 운전자의 주행조건에 따라 ECO 표시등의 색상이 변경됩니다.  ECO 표시등의 색상 ① 녹색 : 연비 우수  ② 흰색 : 연비 다소 불리 또는 경제 운전 비작동 조건  ③ 적색 : 연비 불리"
기아,차량 정비,14,공회전 제한 시스템(ISG) 기능이 무엇인가요?,"액티브 에코는 차량의 엔진, 변속기, 에어컨 제어를 통해 연비를 향상시키도록 도움을 주는 장치이며, 운전자가 액티브 에코 버튼을 누르면 계기판에 녹색 표시등(ECO)이 켜지며 경제운전 모드로 전환됩니다. 또한, 액티브 에코 작동 중 다음과 같은 상황이 발생될 경우 표시등은 변화가 없으나 작동이 제한될 수 있습니다.    미 작동 조건   ① 냉각수 온도가 낮을 때   ② 오르막 길을 주행할 때  ③ 스포츠 모드를 사용할 때     에코 드라이브 시스템은 주행 시 효율적인 연비로 운전할 수 있는 영역을 계기판에 표시하여 운전자에게 알려 줌으로써 주행 시 연비 향상에 도움이 될 수 있도록 표시합니다. 또한, 운전자의 주행조건에 따라 ECO 표시등의 색상이 변경됩니다.  ECO 표시등의 색상 ① 녹색 : 연비 우수  ② 흰색 : 연비 다소 불리 또는 경제 운전 비작동 조건  ③ 적색 : 연비 불리"
기아,차량 정비,14,전자식 파킹 브레이크(EPB) 기능이 무엇인가요?,"액티브 에코는 차량의 엔진, 변속기, 에어컨 제어를 통해 연비를 향상시키도록 도움을 주는 장치이며, 운전자가 액티브 에코 버튼을 누르면 계기판에 녹색 표시등(ECO)이 켜지며 경제운전 모드로 전환됩니다. 또한, 액티브 에코 작동 중 다음과 같은 상황이 발생될 경우 표시등은 변화가 없으나 작동이 제한될 수 있습니다.    미 작동 조건   ① 냉각수 온도가 낮을 때   ② 오르막 길을 주행할 때  ③ 스포츠 모드를 사용할 때     에코 드라이브 시스템은 주행 시 효율적인 연비로 운전할 수 있는 영역을 계기판에 표시하여 운전자에게 알려 줌으로써 주행 시 연비 향상에 도움이 될 수 있도록 표시합니다. 또한, 운전자의 주행조건에 따라 ECO 표시등의 색상이 변경됩니다.  ECO 표시등의 색상 ① 녹색 : 연비 우수  ② 흰색 : 연비 다소 불리 또는 경제 운전 비작동 조건  ③ 적색 : 연비 불리"
기아,차량 정비,14,크루즈 컨트롤 기능은 어떻게 사용하나요?,"액티브 에코는 차량의 엔진, 변속기, 에어컨 제어를 통해 연비를 향상시키도록 도움을 주는 장치이며, 운전자가 액티브 에코 버튼을 누르면 계기판에 녹색 표시등(ECO)이 켜지며 경제운전 모드로 전환됩니다. 또한, 액티브 에코 작동 중 다음과 같은 상황이 발생될 경우 표시등은 변화가 없으나 작동이 제한될 수 있습니다.    미 작동 조건   ① 냉각수 온도가 낮을 때   ② 오르막 길을 주행할 때  ③ 스포츠 모드를 사용할 때     에코 드라이브 시스템은 주행 시 효율적인 연비로 운전할 수 있는 영역을 계기판에 표시하여 운전자에게 알려 줌으로써 주행 시 연비 향상에 도움이 될 수 있도록 표시합니다. 또한, 운전자의 주행조건에 따라 ECO 표시등의 색상이 변경됩니다.  ECO 표시등의 색상 ① 녹색 : 연비 우수  ② 흰색 : 연비 다소 불리 또는 경제 운전 비작동 조건  ③ 적색 : 연비 불리"
기아,차량 정비,14,자동변속기의 레버 쪽에 표시된 + 및 - 는 무엇인가요?,"액티브 에코는 차량의 엔진, 변속기, 에어컨 제어를 통해 연비를 향상시키도록 도움을 주는 장치이며, 운전자가 액티브 에코 버튼을 누르면 계기판에 녹색 표시등(ECO)이 켜지며 경제운전 모드로 전환됩니다. 또한, 액티브 에코 작동 중 다음과 같은 상황이 발생될 경우 표시등은 변화가 없으나 작동이 제한될 수 있습니다.    미 작동 조건   ① 냉각수 온도가 낮을 때   ② 오르막 길을 주행할 때  ③ 스포츠 모드를 사용할 때     에코 드라이브 시스템은 주행 시 효율적인 연비로 운전할 수 있는 영역을 계기판에 표시하여 운전자에게 알려 줌으로써 주행 시 연비 향상에 도움이 될 수 있도록 표시합니다. 또한, 운전자의 주행조건에 따라 ECO 표시등의 색상이 변경됩니다.  ECO 표시등의 색상 ① 녹색 : 연비 우수  ② 흰색 : 연비 다소 불리 또는 경제 운전 비작동 조건  ③ 적색 : 연비 불리"
기아,차량 정비,15,차종별 보증기간은 어떻게 적용되나요?,보증기간은 차량 및 출고일에 따라 적용기간이 상이하므로 출고 당시 지급 받으신 사용설명서 보증서를 확인하시면 정확하게 확인하실 수 있습니다.   차종별 자세한 보증기간은 기아멤버스 홈페이지에서 확인 하실 수 있습니다.   사용설명서
기아,차량 정비,15,현재 판매되는 신형 차량의 옵션을 구형 차에 장착할 수 있나요?,보증기간은 차량 및 출고일에 따라 적용기간이 상이하므로 출고 당시 지급 받으신 사용설명서 보증서를 확인하시면 정확하게 확인하실 수 있습니다.   차종별 자세한 보증기간은 기아멤버스 홈페이지에서 확인 하실 수 있습니다.   사용설명서
기아,차량 정비,15,버튼시동 스마트 키 차량의 경우 중립 주차는 어떻게 합니까?,보증기간은 차량 및 출고일에 따라 적용기간이 상이하므로 출고 당시 지급 받으신 사용설명서 보증서를 확인하시면 정확하게 확인하실 수 있습니다.   차종별 자세한 보증기간은 기아멤버스 홈페이지에서 확인 하실 수 있습니다.   사용설명서
기아,차량 정비,15,신차 길들이기 어떻게 해야합니까?,보증기간은 차량 및 출고일에 따라 적용기간이 상이하므로 출고 당시 지급 받으신 사용설명서 보증서를 확인하시면 정확하게 확인하실 수 있습니다.   차종별 자세한 보증기간은 기아멤버스 홈페이지에서 확인 하실 수 있습니다.   사용설명서
기아,차량 정비,15,리모컨 키가 작동하지 않습니다,보증기간은 차량 및 출고일에 따라 적용기간이 상이하므로 출고 당시 지급 받으신 사용설명서 보증서를 확인하시면 정확하게 확인하실 수 있습니다.   차종별 자세한 보증기간은 기아멤버스 홈페이지에서 확인 하실 수 있습니다.   사용설명서
기아,차량 정비,15,스마트 키 작동불량 시 비상 시동방법에 대해 알려주세요,보증기간은 차량 및 출고일에 따라 적용기간이 상이하므로 출고 당시 지급 받으신 사용설명서 보증서를 확인하시면 정확하게 확인하실 수 있습니다.   차종별 자세한 보증기간은 기아멤버스 홈페이지에서 확인 하실 수 있습니다.   사용설명서
기아,차량 정비,15,스마트 키 배터리 교환방법에 대해 알려주세요,보증기간은 차량 및 출고일에 따라 적용기간이 상이하므로 출고 당시 지급 받으신 사용설명서 보증서를 확인하시면 정확하게 확인하실 수 있습니다.   차종별 자세한 보증기간은 기아멤버스 홈페이지에서 확인 하실 수 있습니다.   사용설명서
기아,차량 정비,15,"내비게이션 업데이트는 어디서, 어떻게 하나요?",보증기간은 차량 및 출고일에 따라 적용기간이 상이하므로 출고 당시 지급 받으신 사용설명서 보증서를 확인하시면 정확하게 확인하실 수 있습니다.   차종별 자세한 보증기간은 기아멤버스 홈페이지에서 확인 하실 수 있습니다.   사용설명서
기아,차량 정비,15,점화플러그 교환주기에 대해 알려주세요,보증기간은 차량 및 출고일에 따라 적용기간이 상이하므로 출고 당시 지급 받으신 사용설명서 보증서를 확인하시면 정확하게 확인하실 수 있습니다.   차종별 자세한 보증기간은 기아멤버스 홈페이지에서 확인 하실 수 있습니다.   사용설명서
기아,차량 정비,15,공조 장치용 에어필터(에어컨 필터) 점검 및 교체는 어떻게 하나요?,보증기간은 차량 및 출고일에 따라 적용기간이 상이하므로 출고 당시 지급 받으신 사용설명서 보증서를 확인하시면 정확하게 확인하실 수 있습니다.   차종별 자세한 보증기간은 기아멤버스 홈페이지에서 확인 하실 수 있습니다.   사용설명서
기아,차량 정비,16,차종별 엔진오일 교환주기는 어떻게 확인 할 수 있나요?,"엔진오일은 일일 점검 항목으로 통상적으로 권장해 드리고 있는 엔진오일 교체 시기는 차종, 엔진 등에 따라 상이할 수 있습니다. 차량 구입 시 지급해 드리는 사용설명서 內 정기점검 교환주기에 맞추어 교환해 주시길 권장해 드립니다.    자동차 소모품의 점검 교환주기는 주행거리에 따른 주기를 기본으로 표기하고 있으나, 엔진오일 교환시기는 차량의 주행거리와 경과시간 중 먼저 도래하는 시점에 점검이나 교체를 해야 합니다.   통상조건  일반적으로 통상 조건의 점검 주기를 따르십시오.   가혹조건  만약 다음과 같은 조건에서 사용했다면 가혹 조건의 점검 주기를 따르십시오.   · 짧은 거리를 반복해서 주행했을 때 · 엔진 내에 모래 및 먼지가 많이 유입되는 경우 · 공회전을 과다하게 계속 시켰을 때 · 교통 체증이 심한 곳을 주행하는 경우 · 험한 길(모래자갈길, 눈길, 비포장길)등의 주행빈도가 높은 경우 · 산길, 오르내리막길 등의 주행빈도가 높은 경우 · 고속주행(170ㅏkm/h이상)의 빈도가 높은 경우 · 잦은 정지와 출발을 반복으로 주행 할 경우 · 소금, 부식물질 또는 한랭지역을 운행하는 경우 * 위와 같은 조건에서 차량을 운행했다면, 정기 점검 주기를 좀 더 앞당겨 자주 점검, 교환 해주셔야 합니다.   사용설명서"
기아,차량 정비,16,브레이크 라이닝(패드) 교환주기에 대해 알려주세요,"엔진오일은 일일 점검 항목으로 통상적으로 권장해 드리고 있는 엔진오일 교체 시기는 차종, 엔진 등에 따라 상이할 수 있습니다. 차량 구입 시 지급해 드리는 사용설명서 內 정기점검 교환주기에 맞추어 교환해 주시길 권장해 드립니다.    자동차 소모품의 점검 교환주기는 주행거리에 따른 주기를 기본으로 표기하고 있으나, 엔진오일 교환시기는 차량의 주행거리와 경과시간 중 먼저 도래하는 시점에 점검이나 교체를 해야 합니다.   통상조건  일반적으로 통상 조건의 점검 주기를 따르십시오.   가혹조건  만약 다음과 같은 조건에서 사용했다면 가혹 조건의 점검 주기를 따르십시오.   · 짧은 거리를 반복해서 주행했을 때 · 엔진 내에 모래 및 먼지가 많이 유입되는 경우 · 공회전을 과다하게 계속 시켰을 때 · 교통 체증이 심한 곳을 주행하는 경우 · 험한 길(모래자갈길, 눈길, 비포장길)등의 주행빈도가 높은 경우 · 산길, 오르내리막길 등의 주행빈도가 높은 경우 · 고속주행(170ㅏkm/h이상)의 빈도가 높은 경우 · 잦은 정지와 출발을 반복으로 주행 할 경우 · 소금, 부식물질 또는 한랭지역을 운행하는 경우 * 위와 같은 조건에서 차량을 운행했다면, 정기 점검 주기를 좀 더 앞당겨 자주 점검, 교환 해주셔야 합니다.   사용설명서"
기아,차량 정비,16,냉각수 교환주기에 대해 알려주세요,"엔진오일은 일일 점검 항목으로 통상적으로 권장해 드리고 있는 엔진오일 교체 시기는 차종, 엔진 등에 따라 상이할 수 있습니다. 차량 구입 시 지급해 드리는 사용설명서 內 정기점검 교환주기에 맞추어 교환해 주시길 권장해 드립니다.    자동차 소모품의 점검 교환주기는 주행거리에 따른 주기를 기본으로 표기하고 있으나, 엔진오일 교환시기는 차량의 주행거리와 경과시간 중 먼저 도래하는 시점에 점검이나 교체를 해야 합니다.   통상조건  일반적으로 통상 조건의 점검 주기를 따르십시오.   가혹조건  만약 다음과 같은 조건에서 사용했다면 가혹 조건의 점검 주기를 따르십시오.   · 짧은 거리를 반복해서 주행했을 때 · 엔진 내에 모래 및 먼지가 많이 유입되는 경우 · 공회전을 과다하게 계속 시켰을 때 · 교통 체증이 심한 곳을 주행하는 경우 · 험한 길(모래자갈길, 눈길, 비포장길)등의 주행빈도가 높은 경우 · 산길, 오르내리막길 등의 주행빈도가 높은 경우 · 고속주행(170ㅏkm/h이상)의 빈도가 높은 경우 · 잦은 정지와 출발을 반복으로 주행 할 경우 · 소금, 부식물질 또는 한랭지역을 운행하는 경우 * 위와 같은 조건에서 차량을 운행했다면, 정기 점검 주기를 좀 더 앞당겨 자주 점검, 교환 해주셔야 합니다.   사용설명서"
기아,차량 정비,16,계절 별 차량관리 및 점검요령에 대해 알려주세요,"엔진오일은 일일 점검 항목으로 통상적으로 권장해 드리고 있는 엔진오일 교체 시기는 차종, 엔진 등에 따라 상이할 수 있습니다. 차량 구입 시 지급해 드리는 사용설명서 內 정기점검 교환주기에 맞추어 교환해 주시길 권장해 드립니다.    자동차 소모품의 점검 교환주기는 주행거리에 따른 주기를 기본으로 표기하고 있으나, 엔진오일 교환시기는 차량의 주행거리와 경과시간 중 먼저 도래하는 시점에 점검이나 교체를 해야 합니다.   통상조건  일반적으로 통상 조건의 점검 주기를 따르십시오.   가혹조건  만약 다음과 같은 조건에서 사용했다면 가혹 조건의 점검 주기를 따르십시오.   · 짧은 거리를 반복해서 주행했을 때 · 엔진 내에 모래 및 먼지가 많이 유입되는 경우 · 공회전을 과다하게 계속 시켰을 때 · 교통 체증이 심한 곳을 주행하는 경우 · 험한 길(모래자갈길, 눈길, 비포장길)등의 주행빈도가 높은 경우 · 산길, 오르내리막길 등의 주행빈도가 높은 경우 · 고속주행(170ㅏkm/h이상)의 빈도가 높은 경우 · 잦은 정지와 출발을 반복으로 주행 할 경우 · 소금, 부식물질 또는 한랭지역을 운행하는 경우 * 위와 같은 조건에서 차량을 운행했다면, 정기 점검 주기를 좀 더 앞당겨 자주 점검, 교환 해주셔야 합니다.   사용설명서"
기아,기아멤버스,1,기아멤버스 모바일카드 발급과 사용방법이 어떻게 되나요?,"기아멤버스 모바일 카드는 기아멤버스 홈페이지 또는 기아 App에서 회원가입을 하시면 발급받으실 수 있습니다. (카드회원까지 가입 필수) 모바일 카드도 실물 카드와 동일하게 바코드 제시 또는 카드번호 입력을 통해 포인트 적립/사용이 가능합니다. (제휴처에서 바코드 리딩이 어려울 경우 단말기에 카드번호 입력 후 사용)   [기아멤버스 모바일카드 조회 방법] 1) 기아멤버스 홈페이지 : 로그인 → 우상단 바코드 아이콘 클릭 → 기아멤버스 모바일카드 바코드 및 카드번호 표출 2) 기아 App : 로그인 → 우상단 마이페이지 아이콘 클릭 → '기아멤버스' 버튼 클릭 → 기아멤버스 모바일카드 바코드 및 카드번호 표출   [유의 사항]   * 기아멤버스 모바일카드는 기아멤버스 개인회원에 한해 발급 가능합니다. (개인(법인 실운행자 포함), 개인사업자 고객)   * 기아멤버스 법인회원은 실물카드로만 발급 가능합니다. (법인고객)    ☞ 최초 차량 구매 시 담당 오토컨설턴트를 통해 기아멤버스 법인회원 가입신청을 요청해주시기 바랍니다.       기아멤버스 법인회원 카드는 차량등록증이 실제 발급된 후, 실물카드로 우편 배송됩니다(7~10일 소요).   기아멤버스 홈페이지 : https://members.kia.com/kr/view/kindex.do"
기아,기아멤버스,1,기아멤버스 카드를 모바일카드 or 실물 카드로 선택하여 받을 수 있나요?,"기아멤버스 모바일 카드는 기아멤버스 홈페이지 또는 기아 App에서 회원가입을 하시면 발급받으실 수 있습니다. (카드회원까지 가입 필수) 모바일 카드도 실물 카드와 동일하게 바코드 제시 또는 카드번호 입력을 통해 포인트 적립/사용이 가능합니다. (제휴처에서 바코드 리딩이 어려울 경우 단말기에 카드번호 입력 후 사용)   [기아멤버스 모바일카드 조회 방법] 1) 기아멤버스 홈페이지 : 로그인 → 우상단 바코드 아이콘 클릭 → 기아멤버스 모바일카드 바코드 및 카드번호 표출 2) 기아 App : 로그인 → 우상단 마이페이지 아이콘 클릭 → '기아멤버스' 버튼 클릭 → 기아멤버스 모바일카드 바코드 및 카드번호 표출   [유의 사항]   * 기아멤버스 모바일카드는 기아멤버스 개인회원에 한해 발급 가능합니다. (개인(법인 실운행자 포함), 개인사업자 고객)   * 기아멤버스 법인회원은 실물카드로만 발급 가능합니다. (법인고객)    ☞ 최초 차량 구매 시 담당 오토컨설턴트를 통해 기아멤버스 법인회원 가입신청을 요청해주시기 바랍니다.       기아멤버스 법인회원 카드는 차량등록증이 실제 발급된 후, 실물카드로 우편 배송됩니다(7~10일 소요).   기아멤버스 홈페이지 : https://members.kia.com/kr/view/kindex.do"
기아,기아멤버스,1,기아멤버스 포인트 소멸 시점은 언제 인가요?,"기아멤버스 모바일 카드는 기아멤버스 홈페이지 또는 기아 App에서 회원가입을 하시면 발급받으실 수 있습니다. (카드회원까지 가입 필수) 모바일 카드도 실물 카드와 동일하게 바코드 제시 또는 카드번호 입력을 통해 포인트 적립/사용이 가능합니다. (제휴처에서 바코드 리딩이 어려울 경우 단말기에 카드번호 입력 후 사용)   [기아멤버스 모바일카드 조회 방법] 1) 기아멤버스 홈페이지 : 로그인 → 우상단 바코드 아이콘 클릭 → 기아멤버스 모바일카드 바코드 및 카드번호 표출 2) 기아 App : 로그인 → 우상단 마이페이지 아이콘 클릭 → '기아멤버스' 버튼 클릭 → 기아멤버스 모바일카드 바코드 및 카드번호 표출   [유의 사항]   * 기아멤버스 모바일카드는 기아멤버스 개인회원에 한해 발급 가능합니다. (개인(법인 실운행자 포함), 개인사업자 고객)   * 기아멤버스 법인회원은 실물카드로만 발급 가능합니다. (법인고객)    ☞ 최초 차량 구매 시 담당 오토컨설턴트를 통해 기아멤버스 법인회원 가입신청을 요청해주시기 바랍니다.       기아멤버스 법인회원 카드는 차량등록증이 실제 발급된 후, 실물카드로 우편 배송됩니다(7~10일 소요).   기아멤버스 홈페이지 : https://members.kia.com/kr/view/kindex.do"
기아,기아멤버스,1,"기아멤버스 카드를 분실했는데, 재발급 받기 전에 오토큐에서 포인트를 사용할 수 있습니까?","기아멤버스 모바일 카드는 기아멤버스 홈페이지 또는 기아 App에서 회원가입을 하시면 발급받으실 수 있습니다. (카드회원까지 가입 필수) 모바일 카드도 실물 카드와 동일하게 바코드 제시 또는 카드번호 입력을 통해 포인트 적립/사용이 가능합니다. (제휴처에서 바코드 리딩이 어려울 경우 단말기에 카드번호 입력 후 사용)   [기아멤버스 모바일카드 조회 방법] 1) 기아멤버스 홈페이지 : 로그인 → 우상단 바코드 아이콘 클릭 → 기아멤버스 모바일카드 바코드 및 카드번호 표출 2) 기아 App : 로그인 → 우상단 마이페이지 아이콘 클릭 → '기아멤버스' 버튼 클릭 → 기아멤버스 모바일카드 바코드 및 카드번호 표출   [유의 사항]   * 기아멤버스 모바일카드는 기아멤버스 개인회원에 한해 발급 가능합니다. (개인(법인 실운행자 포함), 개인사업자 고객)   * 기아멤버스 법인회원은 실물카드로만 발급 가능합니다. (법인고객)    ☞ 최초 차량 구매 시 담당 오토컨설턴트를 통해 기아멤버스 법인회원 가입신청을 요청해주시기 바랍니다.       기아멤버스 법인회원 카드는 차량등록증이 실제 발급된 후, 실물카드로 우편 배송됩니다(7~10일 소요).   기아멤버스 홈페이지 : https://members.kia.com/kr/view/kindex.do"
기아,PBV,1,PBV의 생산은 어떻게 이루어지나요?,"다양한 PBV 기본 모델과 컨버전 모델을 제공하기 위해 유연한 생산체계가 준비되고 있습니다. AutoLand 화성에 구축 중인 PBV 전용공장 (화성 EVO Plant) 은 컨베이어 생산라인과 셀 유연 생산라인을 결합하여 다품종 생산에 최적화된 체계를 구축하고 있습니다. 이와 함께 공장 인근에 구축 예정인 PBV 컨버전 센터는 여러 파트너들과 유기적 협업을 통해 PBV 컨버전 모델을 효율적으로 개발하고 품질을 확보하고자 하며, 또한 글로벌 컨버전 파트너들과의 협력 관계 또한 지속적으로 강화할 예정입니다."
기아,PBV,1,PBV는 어떤 고객에 적합한가요?,"다양한 PBV 기본 모델과 컨버전 모델을 제공하기 위해 유연한 생산체계가 준비되고 있습니다. AutoLand 화성에 구축 중인 PBV 전용공장 (화성 EVO Plant) 은 컨베이어 생산라인과 셀 유연 생산라인을 결합하여 다품종 생산에 최적화된 체계를 구축하고 있습니다. 이와 함께 공장 인근에 구축 예정인 PBV 컨버전 센터는 여러 파트너들과 유기적 협업을 통해 PBV 컨버전 모델을 효율적으로 개발하고 품질을 확보하고자 하며, 또한 글로벌 컨버전 파트너들과의 협력 관계 또한 지속적으로 강화할 예정입니다."
기아,PBV,1,PBV와 상용차/LCV의 차이는 무엇인가요?,"다양한 PBV 기본 모델과 컨버전 모델을 제공하기 위해 유연한 생산체계가 준비되고 있습니다. AutoLand 화성에 구축 중인 PBV 전용공장 (화성 EVO Plant) 은 컨베이어 생산라인과 셀 유연 생산라인을 결합하여 다품종 생산에 최적화된 체계를 구축하고 있습니다. 이와 함께 공장 인근에 구축 예정인 PBV 컨버전 센터는 여러 파트너들과 유기적 협업을 통해 PBV 컨버전 모델을 효율적으로 개발하고 품질을 확보하고자 하며, 또한 글로벌 컨버전 파트너들과의 협력 관계 또한 지속적으로 강화할 예정입니다."
기아,PBV,1,출시 예정일은 어떻게 되나요?,"다양한 PBV 기본 모델과 컨버전 모델을 제공하기 위해 유연한 생산체계가 준비되고 있습니다. AutoLand 화성에 구축 중인 PBV 전용공장 (화성 EVO Plant) 은 컨베이어 생산라인과 셀 유연 생산라인을 결합하여 다품종 생산에 최적화된 체계를 구축하고 있습니다. 이와 함께 공장 인근에 구축 예정인 PBV 컨버전 센터는 여러 파트너들과 유기적 협업을 통해 PBV 컨버전 모델을 효율적으로 개발하고 품질을 확보하고자 하며, 또한 글로벌 컨버전 파트너들과의 협력 관계 또한 지속적으로 강화할 예정입니다."
기아,PBV,1,Kia PBV 플랫폼만의 특성은 무엇인가요?,"다양한 PBV 기본 모델과 컨버전 모델을 제공하기 위해 유연한 생산체계가 준비되고 있습니다. AutoLand 화성에 구축 중인 PBV 전용공장 (화성 EVO Plant) 은 컨베이어 생산라인과 셀 유연 생산라인을 결합하여 다품종 생산에 최적화된 체계를 구축하고 있습니다. 이와 함께 공장 인근에 구축 예정인 PBV 컨버전 센터는 여러 파트너들과 유기적 협업을 통해 PBV 컨버전 모델을 효율적으로 개발하고 품질을 확보하고자 하며, 또한 글로벌 컨버전 파트너들과의 협력 관계 또한 지속적으로 강화할 예정입니다."
기아,PBV,1,충전 인프라는 준비되고 있나요?,"다양한 PBV 기본 모델과 컨버전 모델을 제공하기 위해 유연한 생산체계가 준비되고 있습니다. AutoLand 화성에 구축 중인 PBV 전용공장 (화성 EVO Plant) 은 컨베이어 생산라인과 셀 유연 생산라인을 결합하여 다품종 생산에 최적화된 체계를 구축하고 있습니다. 이와 함께 공장 인근에 구축 예정인 PBV 컨버전 센터는 여러 파트너들과 유기적 협업을 통해 PBV 컨버전 모델을 효율적으로 개발하고 품질을 확보하고자 하며, 또한 글로벌 컨버전 파트너들과의 협력 관계 또한 지속적으로 강화할 예정입니다."
기아,PBV,1,기아가 생각하는 PBV 시장의 규모와 판매 목표는 어느 정도인가요?,"다양한 PBV 기본 모델과 컨버전 모델을 제공하기 위해 유연한 생산체계가 준비되고 있습니다. AutoLand 화성에 구축 중인 PBV 전용공장 (화성 EVO Plant) 은 컨베이어 생산라인과 셀 유연 생산라인을 결합하여 다품종 생산에 최적화된 체계를 구축하고 있습니다. 이와 함께 공장 인근에 구축 예정인 PBV 컨버전 센터는 여러 파트너들과 유기적 협업을 통해 PBV 컨버전 모델을 효율적으로 개발하고 품질을 확보하고자 하며, 또한 글로벌 컨버전 파트너들과의 협력 관계 또한 지속적으로 강화할 예정입니다."
기아,PBV,1,컨버전 파트너십에 가입하게 되면 어떤 이점이 있나요?,"다양한 PBV 기본 모델과 컨버전 모델을 제공하기 위해 유연한 생산체계가 준비되고 있습니다. AutoLand 화성에 구축 중인 PBV 전용공장 (화성 EVO Plant) 은 컨베이어 생산라인과 셀 유연 생산라인을 결합하여 다품종 생산에 최적화된 체계를 구축하고 있습니다. 이와 함께 공장 인근에 구축 예정인 PBV 컨버전 센터는 여러 파트너들과 유기적 협업을 통해 PBV 컨버전 모델을 효율적으로 개발하고 품질을 확보하고자 하며, 또한 글로벌 컨버전 파트너들과의 협력 관계 또한 지속적으로 강화할 예정입니다."
기아,PBV,1,최근 전기차 시장의 성장속도가 둔화되는 상황에서 기아 PBV의 대응 전략은 무엇인가요?,"다양한 PBV 기본 모델과 컨버전 모델을 제공하기 위해 유연한 생산체계가 준비되고 있습니다. AutoLand 화성에 구축 중인 PBV 전용공장 (화성 EVO Plant) 은 컨베이어 생산라인과 셀 유연 생산라인을 결합하여 다품종 생산에 최적화된 체계를 구축하고 있습니다. 이와 함께 공장 인근에 구축 예정인 PBV 컨버전 센터는 여러 파트너들과 유기적 협업을 통해 PBV 컨버전 모델을 효율적으로 개발하고 품질을 확보하고자 하며, 또한 글로벌 컨버전 파트너들과의 협력 관계 또한 지속적으로 강화할 예정입니다."
기아,PBV,1,컨버전 파트너십에 지원하고 싶어요.,"다양한 PBV 기본 모델과 컨버전 모델을 제공하기 위해 유연한 생산체계가 준비되고 있습니다. AutoLand 화성에 구축 중인 PBV 전용공장 (화성 EVO Plant) 은 컨베이어 생산라인과 셀 유연 생산라인을 결합하여 다품종 생산에 최적화된 체계를 구축하고 있습니다. 이와 함께 공장 인근에 구축 예정인 PBV 컨버전 센터는 여러 파트너들과 유기적 협업을 통해 PBV 컨버전 모델을 효율적으로 개발하고 품질을 확보하고자 하며, 또한 글로벌 컨버전 파트너들과의 협력 관계 또한 지속적으로 강화할 예정입니다."
기아,PBV,2,법규 인증에 대한 정보가 없어서 걱정이 됩니다. 도움을 어디서 받을 수 있을까요?,컨버전 파트너십 모델을 위한 법규 인증 지원 서비스가 제공되고 있습니다. 관련 정보는 추후 지원될 Homologation Service 페이지에서 제공받으실 수 있습니다.
기아,PBV,2,기아가 PBV를 통해 추구하는 미래 모빌리티의 궁극적 지향점은 무엇인가요?,컨버전 파트너십 모델을 위한 법규 인증 지원 서비스가 제공되고 있습니다. 관련 정보는 추후 지원될 Homologation Service 페이지에서 제공받으실 수 있습니다.
기아,Pleos 계정,1,Pleos 계정으로 서비스 로그인 시 기아 통합계정이 있어 서비스를 이용할 수 없다고 나옵니다.,"Pleos 계정으로 기아 서비스 이용 시, 통합 계정이 있어 서비스를 이용할 수 없다면서 고객센터로 문의하라고 안내받으셨나요? 이 경우는 고객님이 로그인하신 Pleos 계정의 이메일을 다른 사람이 이미 기아 서비스에서 사용 중인 경우 나타나는 안내 화면입니다. 대부분의 경우, 가족이 기아 계정을 생성할 때 고객님의 메일로 만든 경우로 확인됩니다. 고객님의 메일로 부모님, 배우자, 자녀의 계정을 만들어주신 경우는 없는지 확인해 주세요. 만약 가족이 고객님의 메일 주소로 기아 통합계정을 사용 중인 경우가 없다면, 번거로우시더라도 기아 고객센터로 문의해 주세요.   * 기아 고객센터: 080-200-2000"
기아,Pleos 계정,1,Pleos 계정에 가입을 했는데 로그인 시 아이디/비밀번호가 틀리다고 나오고 아이디 찾기를 해도 가입된 계정이 없다고 나옵니다.,"Pleos 계정으로 기아 서비스 이용 시, 통합 계정이 있어 서비스를 이용할 수 없다면서 고객센터로 문의하라고 안내받으셨나요? 이 경우는 고객님이 로그인하신 Pleos 계정의 이메일을 다른 사람이 이미 기아 서비스에서 사용 중인 경우 나타나는 안내 화면입니다. 대부분의 경우, 가족이 기아 계정을 생성할 때 고객님의 메일로 만든 경우로 확인됩니다. 고객님의 메일로 부모님, 배우자, 자녀의 계정을 만들어주신 경우는 없는지 확인해 주세요. 만약 가족이 고객님의 메일 주소로 기아 통합계정을 사용 중인 경우가 없다면, 번거로우시더라도 기아 고객센터로 문의해 주세요.   * 기아 고객센터: 080-200-2000"
기아,Pleos 계정,1,통합계정에 로그인하려는데 Pleos로 전환된 계정이라고 나와요.,"Pleos 계정으로 기아 서비스 이용 시, 통합 계정이 있어 서비스를 이용할 수 없다면서 고객센터로 문의하라고 안내받으셨나요? 이 경우는 고객님이 로그인하신 Pleos 계정의 이메일을 다른 사람이 이미 기아 서비스에서 사용 중인 경우 나타나는 안내 화면입니다. 대부분의 경우, 가족이 기아 계정을 생성할 때 고객님의 메일로 만든 경우로 확인됩니다. 고객님의 메일로 부모님, 배우자, 자녀의 계정을 만들어주신 경우는 없는지 확인해 주세요. 만약 가족이 고객님의 메일 주소로 기아 통합계정을 사용 중인 경우가 없다면, 번거로우시더라도 기아 고객센터로 문의해 주세요.   * 기아 고객센터: 080-200-2000"
기아,Pleos 계정,1,통합계정 아이디 찾기를 했는데 이미 Pleos 계정이 있다고 나와요.,"Pleos 계정으로 기아 서비스 이용 시, 통합 계정이 있어 서비스를 이용할 수 없다면서 고객센터로 문의하라고 안내받으셨나요? 이 경우는 고객님이 로그인하신 Pleos 계정의 이메일을 다른 사람이 이미 기아 서비스에서 사용 중인 경우 나타나는 안내 화면입니다. 대부분의 경우, 가족이 기아 계정을 생성할 때 고객님의 메일로 만든 경우로 확인됩니다. 고객님의 메일로 부모님, 배우자, 자녀의 계정을 만들어주신 경우는 없는지 확인해 주세요. 만약 가족이 고객님의 메일 주소로 기아 통합계정을 사용 중인 경우가 없다면, 번거로우시더라도 기아 고객센터로 문의해 주세요.   * 기아 고객센터: 080-200-2000"
기아,Pleos 계정,1,통합계정 비밀번호 찾기를 했는데 이미 Pleos 계정이 있다고 나와요.,"Pleos 계정으로 기아 서비스 이용 시, 통합 계정이 있어 서비스를 이용할 수 없다면서 고객센터로 문의하라고 안내받으셨나요? 이 경우는 고객님이 로그인하신 Pleos 계정의 이메일을 다른 사람이 이미 기아 서비스에서 사용 중인 경우 나타나는 안내 화면입니다. 대부분의 경우, 가족이 기아 계정을 생성할 때 고객님의 메일로 만든 경우로 확인됩니다. 고객님의 메일로 부모님, 배우자, 자녀의 계정을 만들어주신 경우는 없는지 확인해 주세요. 만약 가족이 고객님의 메일 주소로 기아 통합계정을 사용 중인 경우가 없다면, 번거로우시더라도 기아 고객센터로 문의해 주세요.   * 기아 고객센터: 080-200-2000"
기아,Pleos 계정,1,Pleos 계정 비밀번호 재설정은 어떻게 하나요?,"Pleos 계정으로 기아 서비스 이용 시, 통합 계정이 있어 서비스를 이용할 수 없다면서 고객센터로 문의하라고 안내받으셨나요? 이 경우는 고객님이 로그인하신 Pleos 계정의 이메일을 다른 사람이 이미 기아 서비스에서 사용 중인 경우 나타나는 안내 화면입니다. 대부분의 경우, 가족이 기아 계정을 생성할 때 고객님의 메일로 만든 경우로 확인됩니다. 고객님의 메일로 부모님, 배우자, 자녀의 계정을 만들어주신 경우는 없는지 확인해 주세요. 만약 가족이 고객님의 메일 주소로 기아 통합계정을 사용 중인 경우가 없다면, 번거로우시더라도 기아 고객센터로 문의해 주세요.   * 기아 고객센터: 080-200-2000"
기아,Pleos 계정,1,Pleos 계정 아이디 찾기는 어떻게 하나요?,"Pleos 계정으로 기아 서비스 이용 시, 통합 계정이 있어 서비스를 이용할 수 없다면서 고객센터로 문의하라고 안내받으셨나요? 이 경우는 고객님이 로그인하신 Pleos 계정의 이메일을 다른 사람이 이미 기아 서비스에서 사용 중인 경우 나타나는 안내 화면입니다. 대부분의 경우, 가족이 기아 계정을 생성할 때 고객님의 메일로 만든 경우로 확인됩니다. 고객님의 메일로 부모님, 배우자, 자녀의 계정을 만들어주신 경우는 없는지 확인해 주세요. 만약 가족이 고객님의 메일 주소로 기아 통합계정을 사용 중인 경우가 없다면, 번거로우시더라도 기아 고객센터로 문의해 주세요.   * 기아 고객센터: 080-200-2000"
기아,Pleos 계정,1,휴면계정인데 전환 할 수 있나요?,"Pleos 계정으로 기아 서비스 이용 시, 통합 계정이 있어 서비스를 이용할 수 없다면서 고객센터로 문의하라고 안내받으셨나요? 이 경우는 고객님이 로그인하신 Pleos 계정의 이메일을 다른 사람이 이미 기아 서비스에서 사용 중인 경우 나타나는 안내 화면입니다. 대부분의 경우, 가족이 기아 계정을 생성할 때 고객님의 메일로 만든 경우로 확인됩니다. 고객님의 메일로 부모님, 배우자, 자녀의 계정을 만들어주신 경우는 없는지 확인해 주세요. 만약 가족이 고객님의 메일 주소로 기아 통합계정을 사용 중인 경우가 없다면, 번거로우시더라도 기아 고객센터로 문의해 주세요.   * 기아 고객센터: 080-200-2000"
기아,Pleos 계정,1,Pleos 계정 가입 중 기아 통합계정이 있어서 전환하라는 안내가 노출됩니다. 전환하면 기존 계정은 쓸 수 없게 되나요?,"Pleos 계정으로 기아 서비스 이용 시, 통합 계정이 있어 서비스를 이용할 수 없다면서 고객센터로 문의하라고 안내받으셨나요? 이 경우는 고객님이 로그인하신 Pleos 계정의 이메일을 다른 사람이 이미 기아 서비스에서 사용 중인 경우 나타나는 안내 화면입니다. 대부분의 경우, 가족이 기아 계정을 생성할 때 고객님의 메일로 만든 경우로 확인됩니다. 고객님의 메일로 부모님, 배우자, 자녀의 계정을 만들어주신 경우는 없는지 확인해 주세요. 만약 가족이 고객님의 메일 주소로 기아 통합계정을 사용 중인 경우가 없다면, 번거로우시더라도 기아 고객센터로 문의해 주세요.   * 기아 고객센터: 080-200-2000"
기아,Pleos 계정,1,"Pleos 계정을 생성한 적이 없는데, 전환 과정 중 해외에서 가입한 계정이 있어 전환할 수 없다고 나옵니다. 어떻게 해야하나요?","Pleos 계정으로 기아 서비스 이용 시, 통합 계정이 있어 서비스를 이용할 수 없다면서 고객센터로 문의하라고 안내받으셨나요? 이 경우는 고객님이 로그인하신 Pleos 계정의 이메일을 다른 사람이 이미 기아 서비스에서 사용 중인 경우 나타나는 안내 화면입니다. 대부분의 경우, 가족이 기아 계정을 생성할 때 고객님의 메일로 만든 경우로 확인됩니다. 고객님의 메일로 부모님, 배우자, 자녀의 계정을 만들어주신 경우는 없는지 확인해 주세요. 만약 가족이 고객님의 메일 주소로 기아 통합계정을 사용 중인 경우가 없다면, 번거로우시더라도 기아 고객센터로 문의해 주세요.   * 기아 고객센터: 080-200-2000"
기아,Pleos 계정,2,Pleos 계정으로 전환을 마쳤는데 또 전환 안내 화면이 노출됩니다. 왜 계속 나오나요?,"현대자동차그룹 Global One ID인 Pleos 계정은 현대, 기아, 제네시스 서비스 이용 시 모두 사용할 수 있는 통합계정입니다. 기존 통합계정을 현대, 기아, 제네시스 모두 보유하고 있을 경우 각 브랜드별로 별도의 전환 과정을 진행하셔야 합니다. Pleos 계정 전환 화면을 반복해서 보셨다면 이전에 다른 브랜드의 전환 과정만 진행하셨기 때문입니다. 안내에 따라 전환하신 후 Pleos 계정을 통해 더 편리한 통합 계정 서비스를 경험하세요."
기아,Pleos 계정,2,기아 통합계정에 가입한 이메일을 인증 할 수가 없습니다. 그럼 전환 할 수 없나요?,"현대자동차그룹 Global One ID인 Pleos 계정은 현대, 기아, 제네시스 서비스 이용 시 모두 사용할 수 있는 통합계정입니다. 기존 통합계정을 현대, 기아, 제네시스 모두 보유하고 있을 경우 각 브랜드별로 별도의 전환 과정을 진행하셔야 합니다. Pleos 계정 전환 화면을 반복해서 보셨다면 이전에 다른 브랜드의 전환 과정만 진행하셨기 때문입니다. 안내에 따라 전환하신 후 Pleos 계정을 통해 더 편리한 통합 계정 서비스를 경험하세요."
기아,Pleos 계정,2,만 14세 미만 사용자입니다. 만 14세 미만 보호자 동의를 한 것 같은데 왜 계속 뜨나요?,"현대자동차그룹 Global One ID인 Pleos 계정은 현대, 기아, 제네시스 서비스 이용 시 모두 사용할 수 있는 통합계정입니다. 기존 통합계정을 현대, 기아, 제네시스 모두 보유하고 있을 경우 각 브랜드별로 별도의 전환 과정을 진행하셔야 합니다. Pleos 계정 전환 화면을 반복해서 보셨다면 이전에 다른 브랜드의 전환 과정만 진행하셨기 때문입니다. 안내에 따라 전환하신 후 Pleos 계정을 통해 더 편리한 통합 계정 서비스를 경험하세요."
기아,Pleos 계정,2,로그인 할 때마다 Pleos 계정으로 전환 안내 화면이 계속 나옵니다. 안 보이게 할 수 없나요?,"현대자동차그룹 Global One ID인 Pleos 계정은 현대, 기아, 제네시스 서비스 이용 시 모두 사용할 수 있는 통합계정입니다. 기존 통합계정을 현대, 기아, 제네시스 모두 보유하고 있을 경우 각 브랜드별로 별도의 전환 과정을 진행하셔야 합니다. Pleos 계정 전환 화면을 반복해서 보셨다면 이전에 다른 브랜드의 전환 과정만 진행하셨기 때문입니다. 안내에 따라 전환하신 후 Pleos 계정을 통해 더 편리한 통합 계정 서비스를 경험하세요."
기아,Pleos 계정,2,저는 계정 전환을 한 적이 없는데 전환완료 메일이 왔습니다. 무슨 내용인가요?,"현대자동차그룹 Global One ID인 Pleos 계정은 현대, 기아, 제네시스 서비스 이용 시 모두 사용할 수 있는 통합계정입니다. 기존 통합계정을 현대, 기아, 제네시스 모두 보유하고 있을 경우 각 브랜드별로 별도의 전환 과정을 진행하셔야 합니다. Pleos 계정 전환 화면을 반복해서 보셨다면 이전에 다른 브랜드의 전환 과정만 진행하셨기 때문입니다. 안내에 따라 전환하신 후 Pleos 계정을 통해 더 편리한 통합 계정 서비스를 경험하세요."
기아,Pleos 계정,2,기아 통합계정을 Pleos 계정으로 전환하려는데 '이미 사용 중인 이메일'이라고 나옵니다. 제가 사용 중인 이메일인데 누가 제 이메일을 사용 중이라는 뜻인가요?,"현대자동차그룹 Global One ID인 Pleos 계정은 현대, 기아, 제네시스 서비스 이용 시 모두 사용할 수 있는 통합계정입니다. 기존 통합계정을 현대, 기아, 제네시스 모두 보유하고 있을 경우 각 브랜드별로 별도의 전환 과정을 진행하셔야 합니다. Pleos 계정 전환 화면을 반복해서 보셨다면 이전에 다른 브랜드의 전환 과정만 진행하셨기 때문입니다. 안내에 따라 전환하신 후 Pleos 계정을 통해 더 편리한 통합 계정 서비스를 경험하세요."
기아,Pleos 계정,2,본인 명의의 휴대전화번호가 없습니다. Pleos 계정 생성이 가능한가요?,"현대자동차그룹 Global One ID인 Pleos 계정은 현대, 기아, 제네시스 서비스 이용 시 모두 사용할 수 있는 통합계정입니다. 기존 통합계정을 현대, 기아, 제네시스 모두 보유하고 있을 경우 각 브랜드별로 별도의 전환 과정을 진행하셔야 합니다. Pleos 계정 전환 화면을 반복해서 보셨다면 이전에 다른 브랜드의 전환 과정만 진행하셨기 때문입니다. 안내에 따라 전환하신 후 Pleos 계정을 통해 더 편리한 통합 계정 서비스를 경험하세요."
기아,Pleos 계정,2,Pleos 계정 가입 시 본인인증은 어떻게 하나요?,"현대자동차그룹 Global One ID인 Pleos 계정은 현대, 기아, 제네시스 서비스 이용 시 모두 사용할 수 있는 통합계정입니다. 기존 통합계정을 현대, 기아, 제네시스 모두 보유하고 있을 경우 각 브랜드별로 별도의 전환 과정을 진행하셔야 합니다. Pleos 계정 전환 화면을 반복해서 보셨다면 이전에 다른 브랜드의 전환 과정만 진행하셨기 때문입니다. 안내에 따라 전환하신 후 Pleos 계정을 통해 더 편리한 통합 계정 서비스를 경험하세요."
기아,Pleos 계정,2,앱 로그인 화면에 회원가입 메뉴가 보이지 않아요.,"현대자동차그룹 Global One ID인 Pleos 계정은 현대, 기아, 제네시스 서비스 이용 시 모두 사용할 수 있는 통합계정입니다. 기존 통합계정을 현대, 기아, 제네시스 모두 보유하고 있을 경우 각 브랜드별로 별도의 전환 과정을 진행하셔야 합니다. Pleos 계정 전환 화면을 반복해서 보셨다면 이전에 다른 브랜드의 전환 과정만 진행하셨기 때문입니다. 안내에 따라 전환하신 후 Pleos 계정을 통해 더 편리한 통합 계정 서비스를 경험하세요."
기아,Pleos 계정,2,기아 통합계정 신규 가입은 할 수 없나요?,"현대자동차그룹 Global One ID인 Pleos 계정은 현대, 기아, 제네시스 서비스 이용 시 모두 사용할 수 있는 통합계정입니다. 기존 통합계정을 현대, 기아, 제네시스 모두 보유하고 있을 경우 각 브랜드별로 별도의 전환 과정을 진행하셔야 합니다. Pleos 계정 전환 화면을 반복해서 보셨다면 이전에 다른 브랜드의 전환 과정만 진행하셨기 때문입니다. 안내에 따라 전환하신 후 Pleos 계정을 통해 더 편리한 통합 계정 서비스를 경험하세요."
기아,Pleos 계정,3,Pleos 계정 가입은 어떻게 하나요?,Pleos 계정은 Pleos 계정 만들기 화면을 통해 가입할 수 있습니다.   * Pleos 계정 만들기     * 방법1. 통합계정 로그인 화면 맨 하단 [Pleos 계정 만들기] 버튼 선택     * 방법2. 통합계정 로그인 화면 내 [Pleos 계정 로그인] 버튼 선택 > Pleos 계정 로그인 화면 내 [Pleos 계정 만들기] 버튼 선택
기아,Pleos 계정,3,기아 서비스 이용을 위해 Pleos 계정으로 로그인했는데 개인정보 제공 동의가 나타납니다.,Pleos 계정은 Pleos 계정 만들기 화면을 통해 가입할 수 있습니다.   * Pleos 계정 만들기     * 방법1. 통합계정 로그인 화면 맨 하단 [Pleos 계정 만들기] 버튼 선택     * 방법2. 통합계정 로그인 화면 내 [Pleos 계정 로그인] 버튼 선택 > Pleos 계정 로그인 화면 내 [Pleos 계정 만들기] 버튼 선택
기아,Pleos 계정,3,기아 통합계정과 같은 이메일 주소로만 전환할 수 있나요? 다른 이메일로 Pleos 계정 가입하려니 통합계정으로 로그인하라고 안내 메세지가 노출됩니다.,Pleos 계정은 Pleos 계정 만들기 화면을 통해 가입할 수 있습니다.   * Pleos 계정 만들기     * 방법1. 통합계정 로그인 화면 맨 하단 [Pleos 계정 만들기] 버튼 선택     * 방법2. 통합계정 로그인 화면 내 [Pleos 계정 로그인] 버튼 선택 > Pleos 계정 로그인 화면 내 [Pleos 계정 만들기] 버튼 선택
기아,Pleos 계정,3,계정 전환은 어떻게 하나요?,Pleos 계정은 Pleos 계정 만들기 화면을 통해 가입할 수 있습니다.   * Pleos 계정 만들기     * 방법1. 통합계정 로그인 화면 맨 하단 [Pleos 계정 만들기] 버튼 선택     * 방법2. 통합계정 로그인 화면 내 [Pleos 계정 로그인] 버튼 선택 > Pleos 계정 로그인 화면 내 [Pleos 계정 만들기] 버튼 선택
기아,Pleos 계정,3,Pleos 계정이 무엇인가요?,Pleos 계정은 Pleos 계정 만들기 화면을 통해 가입할 수 있습니다.   * Pleos 계정 만들기     * 방법1. 통합계정 로그인 화면 맨 하단 [Pleos 계정 만들기] 버튼 선택     * 방법2. 통합계정 로그인 화면 내 [Pleos 계정 로그인] 버튼 선택 > Pleos 계정 로그인 화면 내 [Pleos 계정 만들기] 버튼 선택
기아,Pleos 계정,3,Pleos 계정 아이디를 변경할 수 있나요?,Pleos 계정은 Pleos 계정 만들기 화면을 통해 가입할 수 있습니다.   * Pleos 계정 만들기     * 방법1. 통합계정 로그인 화면 맨 하단 [Pleos 계정 만들기] 버튼 선택     * 방법2. 통합계정 로그인 화면 내 [Pleos 계정 로그인] 버튼 선택 > Pleos 계정 로그인 화면 내 [Pleos 계정 만들기] 버튼 선택
기아,Pleos 계정,3,사용중인 이메일 계정이 없어요. 회원가입을 할 수 있나요?,Pleos 계정은 Pleos 계정 만들기 화면을 통해 가입할 수 있습니다.   * Pleos 계정 만들기     * 방법1. 통합계정 로그인 화면 맨 하단 [Pleos 계정 만들기] 버튼 선택     * 방법2. 통합계정 로그인 화면 내 [Pleos 계정 로그인] 버튼 선택 > Pleos 계정 로그인 화면 내 [Pleos 계정 만들기] 버튼 선택
기아,Pleos 계정,3,회원가입 시 입력한 개인정보의 보유기간은 얼마나 되나요?,Pleos 계정은 Pleos 계정 만들기 화면을 통해 가입할 수 있습니다.   * Pleos 계정 만들기     * 방법1. 통합계정 로그인 화면 맨 하단 [Pleos 계정 만들기] 버튼 선택     * 방법2. 통합계정 로그인 화면 내 [Pleos 계정 로그인] 버튼 선택 > Pleos 계정 로그인 화면 내 [Pleos 계정 만들기] 버튼 선택
기아,Pleos 계정,3,회원가입을 위한 인증 이메일이 도착하지 않았어요.,Pleos 계정은 Pleos 계정 만들기 화면을 통해 가입할 수 있습니다.   * Pleos 계정 만들기     * 방법1. 통합계정 로그인 화면 맨 하단 [Pleos 계정 만들기] 버튼 선택     * 방법2. 통합계정 로그인 화면 내 [Pleos 계정 로그인] 버튼 선택 > Pleos 계정 로그인 화면 내 [Pleos 계정 만들기] 버튼 선택
기아,Pleos 계정,3,회원 가입을 할 때 인증 문자가 오지 않으면 어떻게 해야 하나요?,Pleos 계정은 Pleos 계정 만들기 화면을 통해 가입할 수 있습니다.   * Pleos 계정 만들기     * 방법1. 통합계정 로그인 화면 맨 하단 [Pleos 계정 만들기] 버튼 선택     * 방법2. 통합계정 로그인 화면 내 [Pleos 계정 로그인] 버튼 선택 > Pleos 계정 로그인 화면 내 [Pleos 계정 만들기] 버튼 선택
기아,Pleos 계정,4,앱을 사용할 때 본인 명의의 휴대폰을 사용해야 하나요?,"회원 가입 시에는 고객님 소유의 휴대폰으로 본인인증을 필수로 진행하고 있습니다. 단, 앱 서비스 이용은 차량의 계약자가 아니더라도 실제 차량을 이용하는 회원을 주 사용자로 설정할 수 있습니다."
기아,Pleos 계정,4,"기아 앱/웹 서비스에서 계정 탈퇴를 신청하는데 현대, 제네시스 가입 서비스 내역은 왜 나오나요?","회원 가입 시에는 고객님 소유의 휴대폰으로 본인인증을 필수로 진행하고 있습니다. 단, 앱 서비스 이용은 차량의 계약자가 아니더라도 실제 차량을 이용하는 회원을 주 사용자로 설정할 수 있습니다."
기아,Pleos 계정,4,Pleos 계정 탈퇴는 어떻게 하나요?,"회원 가입 시에는 고객님 소유의 휴대폰으로 본인인증을 필수로 진행하고 있습니다. 단, 앱 서비스 이용은 차량의 계약자가 아니더라도 실제 차량을 이용하는 회원을 주 사용자로 설정할 수 있습니다."
기아,Kia App,1,"기존 App은 사용이 불가한가요? (MyKia, Kia Connect, Kia Digital Key, Kia Owner's Manual)","새롭게 통합된 ""Kia App""에서 다양한 기능을 한 번에 이용하실 수 있습니다. 기존 App은 사전 안내 후 종료 예정으로 통합된 Kia App 설치하여 이용하시면 기존 계정 정보 그대로 편리하게 이용하실 수 있습니다."
기아,Kia App,1,기존 App 사용자도 회원 가입을 별도로 해야 하나요?,"새롭게 통합된 ""Kia App""에서 다양한 기능을 한 번에 이용하실 수 있습니다. 기존 App은 사전 안내 후 종료 예정으로 통합된 Kia App 설치하여 이용하시면 기존 계정 정보 그대로 편리하게 이용하실 수 있습니다."
기아,Kia App,1,기아 통합 계정 정보를 분실했어요.,"새롭게 통합된 ""Kia App""에서 다양한 기능을 한 번에 이용하실 수 있습니다. 기존 App은 사전 안내 후 종료 예정으로 통합된 Kia App 설치하여 이용하시면 기존 계정 정보 그대로 편리하게 이용하실 수 있습니다."
기아,Kia App,1,Kia App 접속 시 디지털 키 1.0 앱이 있다고 실행이 안 돼요.,"새롭게 통합된 ""Kia App""에서 다양한 기능을 한 번에 이용하실 수 있습니다. 기존 App은 사전 안내 후 종료 예정으로 통합된 Kia App 설치하여 이용하시면 기존 계정 정보 그대로 편리하게 이용하실 수 있습니다."
기아,홈페이지,1,회원 가입을 해야만 기아닷컴을 이용 할 수 있나요?,"회원가입을 하지 않으셔도 다양한 서비스를 이용하실 수 있습니다만, 회원가입을 하시면 좀더 다양한 서비스를 이용하실 수 있습니다.   별도 회원가입 및 로그인을 하지 않으셔도 기아닷컴 내 서비스를 이용하실 수 있습니다만, 회원가입을 하시면 견적 저장, 구매상담신청, 시승신청, 마이페이지 등 일부 주요 서비스를 이용하실 수 있습니다."
기아,기타,1,"기아 커넥트 스토어는 무엇이며, 어떻게 이용하나요?","차량 구매 순간의 선택이 카 라이프의 전부를 결정한 것은 아닙니다. 이제 차량 구매 후에도 기아 커넥트 스토어(connectstore.kia.com)가 제공하는 새로운 기능들을 언제 어디서든지 추가로 구매해 평생, 또는 원하는 기간 동안 이용하실 수 있습니다.  기아 커넥트 스토어 이용관련 자세한 내용은 기아 커넥트 스토어 이용안내 페이지(https://connectstore.kia.com/kr/info/buying-Installation-guide)에서 확인 가능하며, 이용절차는 아래와 같습니다.   기아 커넥트 스토어 또는 QR접속"
기아,기타,1,완속 충전 케이블은 언제 사용하나요?,"차량 구매 순간의 선택이 카 라이프의 전부를 결정한 것은 아닙니다. 이제 차량 구매 후에도 기아 커넥트 스토어(connectstore.kia.com)가 제공하는 새로운 기능들을 언제 어디서든지 추가로 구매해 평생, 또는 원하는 기간 동안 이용하실 수 있습니다.  기아 커넥트 스토어 이용관련 자세한 내용은 기아 커넥트 스토어 이용안내 페이지(https://connectstore.kia.com/kr/info/buying-Installation-guide)에서 확인 가능하며, 이용절차는 아래와 같습니다.   기아 커넥트 스토어 또는 QR접속"
기아,기타,1,어떤 차종에 적용되어 있나요?,"차량 구매 순간의 선택이 카 라이프의 전부를 결정한 것은 아닙니다. 이제 차량 구매 후에도 기아 커넥트 스토어(connectstore.kia.com)가 제공하는 새로운 기능들을 언제 어디서든지 추가로 구매해 평생, 또는 원하는 기간 동안 이용하실 수 있습니다.  기아 커넥트 스토어 이용관련 자세한 내용은 기아 커넥트 스토어 이용안내 페이지(https://connectstore.kia.com/kr/info/buying-Installation-guide)에서 확인 가능하며, 이용절차는 아래와 같습니다.   기아 커넥트 스토어 또는 QR접속"
기아,기타,1,액세서리는 어디서 구매할 수 있나요?,"차량 구매 순간의 선택이 카 라이프의 전부를 결정한 것은 아닙니다. 이제 차량 구매 후에도 기아 커넥트 스토어(connectstore.kia.com)가 제공하는 새로운 기능들을 언제 어디서든지 추가로 구매해 평생, 또는 원하는 기간 동안 이용하실 수 있습니다.  기아 커넥트 스토어 이용관련 자세한 내용은 기아 커넥트 스토어 이용안내 페이지(https://connectstore.kia.com/kr/info/buying-Installation-guide)에서 확인 가능하며, 이용절차는 아래와 같습니다.   기아 커넥트 스토어 또는 QR접속"
기아,기타,1,차량 구매 시 기본 지급되는 품목이 있나요?,"차량 구매 순간의 선택이 카 라이프의 전부를 결정한 것은 아닙니다. 이제 차량 구매 후에도 기아 커넥트 스토어(connectstore.kia.com)가 제공하는 새로운 기능들을 언제 어디서든지 추가로 구매해 평생, 또는 원하는 기간 동안 이용하실 수 있습니다.  기아 커넥트 스토어 이용관련 자세한 내용은 기아 커넥트 스토어 이용안내 페이지(https://connectstore.kia.com/kr/info/buying-Installation-guide)에서 확인 가능하며, 이용절차는 아래와 같습니다.   기아 커넥트 스토어 또는 QR접속"
기아,기타,1,결제방식은 어떻게 되나요?,"차량 구매 순간의 선택이 카 라이프의 전부를 결정한 것은 아닙니다. 이제 차량 구매 후에도 기아 커넥트 스토어(connectstore.kia.com)가 제공하는 새로운 기능들을 언제 어디서든지 추가로 구매해 평생, 또는 원하는 기간 동안 이용하실 수 있습니다.  기아 커넥트 스토어 이용관련 자세한 내용은 기아 커넥트 스토어 이용안내 페이지(https://connectstore.kia.com/kr/info/buying-Installation-guide)에서 확인 가능하며, 이용절차는 아래와 같습니다.   기아 커넥트 스토어 또는 QR접속"
기아,기타,1,사용시 유의사항이 있나요?,"차량 구매 순간의 선택이 카 라이프의 전부를 결정한 것은 아닙니다. 이제 차량 구매 후에도 기아 커넥트 스토어(connectstore.kia.com)가 제공하는 새로운 기능들을 언제 어디서든지 추가로 구매해 평생, 또는 원하는 기간 동안 이용하실 수 있습니다.  기아 커넥트 스토어 이용관련 자세한 내용은 기아 커넥트 스토어 이용안내 페이지(https://connectstore.kia.com/kr/info/buying-Installation-guide)에서 확인 가능하며, 이용절차는 아래와 같습니다.   기아 커넥트 스토어 또는 QR접속"
기아,기타,1,급속충전기는 어떠한 사용제약이 있나요?,"차량 구매 순간의 선택이 카 라이프의 전부를 결정한 것은 아닙니다. 이제 차량 구매 후에도 기아 커넥트 스토어(connectstore.kia.com)가 제공하는 새로운 기능들을 언제 어디서든지 추가로 구매해 평생, 또는 원하는 기간 동안 이용하실 수 있습니다.  기아 커넥트 스토어 이용관련 자세한 내용은 기아 커넥트 스토어 이용안내 페이지(https://connectstore.kia.com/kr/info/buying-Installation-guide)에서 확인 가능하며, 이용절차는 아래와 같습니다.   기아 커넥트 스토어 또는 QR접속"
