시도,용도,Unnamed: 2,Unnamed: 3,Unnamed: 4,Unnamed: 5,Unnamed: 6,source_file
서울,사업용,119785,16632,56123,4723,197263,2016년 10월 자동차 등록자료 통계.xlsx
,비사업용,2476552,119284,287740,2430,2886006,2016년 10월 자동차 등록자료 통계.xlsx
,계,2596337,135916,343863,7153,3083269,2016년 10월 자동차 등록자료 통계.xlsx
부산,사업용,32553,6187,33001,8598,80339,2016년 10월 자동차 등록자료 통계.xlsx
,비사업용,1007350,43583,158580,1232,1210745,2016년 10월 자동차 등록자료 통계.xlsx
,계,1039903,49770,191581,9830,1291084,2016년 10월 자동차 등록자료 통계.xlsx
대구,사업용,23460,4404,18768,1810,48442,2016년 10월 자동차 등록자료 통계.xlsx
,비사업용,899832,31627,144515,676,1076650,2016년 10월 자동차 등록자료 통계.xlsx
,계,923292,36031,163283,2486,1125092,2016년 10월 자동차 등록자료 통계.xlsx
인천,사업용,215372,11517,28485,4625,259999,2016년 10월 자동차 등록자료 통계.xlsx
,비사업용,961341,44980,154062,1258,1161641,2016년 10월 자동차 등록자료 통계.xlsx
,계,1176713,56497,182547,5883,1421640,2016년 10월 자동차 등록자료 통계.xlsx
광주,사업용,17956,2770,11178,1556,33460,2016년 10월 자동차 등록자료 통계.xlsx
,비사업용,498042,20151,78859,587,597639,2016년 10월 자동차 등록자료 통계.xlsx
,계,515998,22921,90037,2143,631099,2016년 10월 자동차 등록자료 통계.xlsx
대전,사업용,13619,2264,10645,1412,27940,2016년 10월 자동차 등록자료 통계.xlsx
,비사업용,519241,21624,75694,613,617172,2016년 10월 자동차 등록자료 통계.xlsx
,계,532860,23888,86339,2025,645112,2016년 10월 자동차 등록자료 통계.xlsx
울산,사업용,8547,2045,8844,2112,21548,2016년 10월 자동차 등록자료 통계.xlsx
,비사업용,437781,14361,62020,421,514583,2016년 10월 자동차 등록자료 통계.xlsx
,계,446328,16406,70864,2533,536131,2016년 10월 자동차 등록자료 통계.xlsx
세종,사업용,582,317,1300,117,2316,2016년 10월 자동차 등록자료 통계.xlsx
,비사업용,89785,3545,12354,105,105789,2016년 10월 자동차 등록자료 통계.xlsx
,계,90367,3862,13654,222,108105,2016년 10월 자동차 등록자료 통계.xlsx
경기,사업용,73689,33291,101732,9403,218115,2016년 10월 자동차 등록자료 통계.xlsx
,비사업용,4040370,197900,652778,4366,4895414,2016년 10월 자동차 등록자료 통계.xlsx
,계,4114059,231191,754510,13769,5113529,2016년 10월 자동차 등록자료 통계.xlsx
강원,사업용,11897,3290,8026,1307,24520,2016년 10월 자동차 등록자료 통계.xlsx
,비사업용,524398,28359,140295,1115,694167,2016년 10월 자동차 등록자료 통계.xlsx
,계,536295,31649,148321,2422,718687,2016년 10월 자동차 등록자료 통계.xlsx
충북,사업용,13638,3941,12601,2397,32577,2016년 10월 자동차 등록자료 통계.xlsx
,비사업용,556176,28581,138150,996,723903,2016년 10월 자동차 등록자료 통계.xlsx
,계,569814,32522,150751,3393,756480,2016년 10월 자동차 등록자료 통계.xlsx
충남,사업용,14974,5602,15994,2551,39121,2016년 10월 자동차 등록자료 통계.xlsx
,비사업용,733899,39282,194673,1432,969286,2016년 10월 자동차 등록자료 통계.xlsx
,계,748873,44884,210667,3983,1008407,2016년 10월 자동차 등록자료 통계.xlsx
전북,사업용,17050,4532,14489,1850,37921,2016년 10월 자동차 등록자료 통계.xlsx
,비사업용,627264,30988,167390,1272,826914,2016년 10월 자동차 등록자료 통계.xlsx
,계,644314,35520,181879,3122,864835,2016년 10월 자동차 등록자료 통계.xlsx
전남,사업용,68717,8341,19030,4256,100344,2016년 10월 자동차 등록자료 통계.xlsx
,비사업용,596181,33900,210307,1856,842244,2016년 10월 자동차 등록자료 통계.xlsx
,계,664898,42241,229337,6112,942588,2016년 10월 자동차 등록자료 통계.xlsx
경북,사업용,16110,5797,22637,4630,49174,2016년 10월 자동차 등록자료 통계.xlsx
,비사업용,966229,46968,284073,2113,1299383,2016년 10월 자동차 등록자료 통계.xlsx
,계,982339,52765,306710,6743,1348557,2016년 10월 자동차 등록자료 통계.xlsx
경남,사업용,46262,8096,22700,5104,82162,2016년 10월 자동차 등록자료 통계.xlsx
,비사업용,1218725,52106,261793,1718,1534342,2016년 10월 자동차 등록자료 통계.xlsx
,계,1264987,60202,284493,6822,1616504,2016년 10월 자동차 등록자료 통계.xlsx
제주,사업용,97399,7167,3220,490,108276,2016년 10월 자동차 등록자료 통계.xlsx
,비사업용,265889,14170,73035,506,353600,2016년 10월 자동차 등록자료 통계.xlsx
,계,363288,21337,76255,996,461876,2016년 10월 자동차 등록자료 통계.xlsx
총계,사업용,791610,126193,388773,56941,1363517,2016년 10월 자동차 등록자료 통계.xlsx
,비사업용,16419055,771409,3096318,22696,20309478,2016년 10월 자동차 등록자료 통계.xlsx
,계,17210665,897602,3485091,79637,21672995,2016년 10월 자동차 등록자료 통계.xlsx
서울,사업용,119271,16573,56110,4741,196695,2016년 11월 자동차 등록자료 통계.xlsx
,비사업용,2479059,118647,287417,2427,2887550,2016년 11월 자동차 등록자료 통계.xlsx
,계,2598330,135220,343527,7168,3084245,2016년 11월 자동차 등록자료 통계.xlsx
부산,사업용,31742,6164,32952,8561,79419,2016년 11월 자동차 등록자료 통계.xlsx
,비사업용,1010449,43384,158607,1248,1213688,2016년 11월 자동차 등록자료 통계.xlsx
,계,1042191,49548,191559,9809,1293107,2016년 11월 자동차 등록자료 통계.xlsx
대구,사업용,23399,4402,18823,1809,48433,2016년 11월 자동차 등록자료 통계.xlsx
,비사업용,902651,31473,144595,687,1079406,2016년 11월 자동차 등록자료 통계.xlsx
,계,926050,35875,163418,2496,1127839,2016년 11월 자동차 등록자료 통계.xlsx
인천,사업용,219477,11586,28510,4632,264205,2016년 11월 자동차 등록자료 통계.xlsx
,비사업용,966633,44956,154625,1271,1167485,2016년 11월 자동차 등록자료 통계.xlsx
,계,1186110,56542,183135,5903,1431690,2016년 11월 자동차 등록자료 통계.xlsx
광주,사업용,18025,2779,11183,1559,33546,2016년 11월 자동차 등록자료 통계.xlsx
,비사업용,499525,20104,78824,584,599037,2016년 11월 자동차 등록자료 통계.xlsx
,계,517550,22883,90007,2143,632583,2016년 11월 자동차 등록자료 통계.xlsx
대전,사업용,13701,2254,10687,1411,28053,2016년 11월 자동차 등록자료 통계.xlsx
,비사업용,520708,21535,75781,611,618635,2016년 11월 자동차 등록자료 통계.xlsx
,계,534409,23789,86468,2022,646688,2016년 11월 자동차 등록자료 통계.xlsx
울산,사업용,8558,2046,8846,2115,21565,2016년 11월 자동차 등록자료 통계.xlsx
,비사업용,439205,14364,62109,429,516107,2016년 11월 자동차 등록자료 통계.xlsx
,계,447763,16410,70955,2544,537672,2016년 11월 자동차 등록자료 통계.xlsx
세종,사업용,596,310,1301,124,2331,2016년 11월 자동차 등록자료 통계.xlsx
,비사업용,90766,3562,12439,116,106883,2016년 11월 자동차 등록자료 통계.xlsx
,계,91362,3872,13740,240,109214,2016년 11월 자동차 등록자료 통계.xlsx
경기,사업용,73601,33201,102044,9530,218376,2016년 11월 자동차 등록자료 통계.xlsx
,비사업용,4061074,197646,654706,4434,4917860,2016년 11월 자동차 등록자료 통계.xlsx
,계,4134675,230847,756750,13964,5136236,2016년 11월 자동차 등록자료 통계.xlsx
강원,사업용,11899,3289,8008,1314,24510,2016년 11월 자동차 등록자료 통계.xlsx
,비사업용,526419,28304,140600,1128,696451,2016년 11월 자동차 등록자료 통계.xlsx
,계,538318,31593,148608,2442,720961,2016년 11월 자동차 등록자료 통계.xlsx
충북,사업용,13634,3924,12629,2408,32595,2016년 11월 자동차 등록자료 통계.xlsx
,비사업용,558513,28569,138378,1001,726461,2016년 11월 자동차 등록자료 통계.xlsx
,계,572147,32493,151007,3409,759056,2016년 11월 자동차 등록자료 통계.xlsx
충남,사업용,14980,5613,15995,2572,39160,2016년 11월 자동차 등록자료 통계.xlsx
,비사업용,737479,39266,195008,1430,973183,2016년 11월 자동차 등록자료 통계.xlsx
,계,752459,44879,211003,4002,1012343,2016년 11월 자동차 등록자료 통계.xlsx
전북,사업용,17014,4529,14488,1861,37892,2016년 11월 자동차 등록자료 통계.xlsx
,비사업용,629755,30910,167576,1276,829517,2016년 11월 자동차 등록자료 통계.xlsx
,계,646769,35439,182064,3137,867409,2016년 11월 자동차 등록자료 통계.xlsx
전남,사업용,70947,8632,19047,4261,102887,2016년 11월 자동차 등록자료 통계.xlsx
,비사업용,598449,33837,210682,1897,844865,2016년 11월 자동차 등록자료 통계.xlsx
,계,669396,42469,229729,6158,947752,2016년 11월 자동차 등록자료 통계.xlsx
경북,사업용,16143,5787,22577,4612,49119,2016년 11월 자동차 등록자료 통계.xlsx
,비사업용,969091,46852,284352,2142,1302437,2016년 11월 자동차 등록자료 통계.xlsx
,계,985234,52639,306929,6754,1351556,2016년 11월 자동차 등록자료 통계.xlsx
경남,사업용,46999,8129,22783,5132,83043,2016년 11월 자동차 등록자료 통계.xlsx
,비사업용,1222728,51940,262055,1746,1538469,2016년 11월 자동차 등록자료 통계.xlsx
,계,1269727,60069,284838,6878,1621512,2016년 11월 자동차 등록자료 통계.xlsx
제주,사업용,98642,7124,3233,498,109497,2016년 11월 자동차 등록자료 통계.xlsx
,비사업용,267102,14133,73362,513,355110,2016년 11월 자동차 등록자료 통계.xlsx
,계,365744,21257,76595,1011,464607,2016년 11월 자동차 등록자료 통계.xlsx
총계,사업용,798628,126342,389216,57140,1371326,2016년 11월 자동차 등록자료 통계.xlsx
,비사업용,16479606,769482,3101116,22940,20373144,2016년 11월 자동차 등록자료 통계.xlsx
,계,17278234,895824,3490332,80080,21744470,2016년 11월 자동차 등록자료 통계.xlsx
